url,label,sector,entidad,notas,campaign
https://www.caixabank.es/particular/banca-digital.html,0,banca,caixabank,home bancaria oficial,
https://www.ibercaja.es/particulares/,0,banca,ibercaja,,
https://www.wizink.es/tarjetas,0,banca,wizink,,
https://www.wizink.es/,0,banca,wizink,,
https://www.cetelem.es/credito-y-prestamos/,0,banca,cetelem,,
https://www.cetelem.es/,0,banca,cetelem,,
https://www.cajamar.es/es/particulares/productos-y-servicios/banca-a-distancia/,0,banca,cajamar,,
https://www.ibercaja.es/empresas/,0,banca,ibercaja,,
https://www.cajamar.es/es/particulares/,0,banca,cajamar,,
https://portal.kutxabank.es/cs/Satellite/kb/es/particulares/banca-online,0,banca,kutxabank,,
https://portal.kutxabank.es/cs/Satellite/kb/es/particulares,0,banca,kutxabank,,
https://www.unicajabanco.es/es/particulares/hipotecas-y-prestamos/hipotecas,0,banca,unicaja banco,,
https://www.unicajabanco.es/es/empresas-y-autonomos,0,banca,unicaja banco,,
https://www.unicajabanco.es/es/banca-digital,0,banca,unicaja banco,,
https://www.abanca.com/es/banca-personal/,0,banca,abanca,,
https://portal.kutxabank.es/cs/Satellite/kb/es/particulares/productos/banca-omnicanal/banca-movil-/pys,0,banca,kutxabank,,
https://www.myinvestor.es/,0,banca,myinvestor,,
https://www.myinvestor.es/cuentas/,0,banca,myinvestor,,
https://mioficina.correos.es/es/es/login,0,logistica,correos,,
https://www.correos.es/es/es/herramientas,0,logistica,correos,,
https://www.correos.es/es/es/atencion-al-cliente/recibir/codigo-de-envio,0,logistica,correos,,
https://www.correos.es/es/es/particulares/enviar/enviar-al-extranjero,0,logistica,correos,,
https://www.correos.es/es/es/particulares/enviar/envios-nacionales/envios-economicos/paquete-estandar,0,logistica,correos,,
https://www.correos.es/es/es/particulares/enviar/envios-nacionales/envios-economicos,0,logistica,correos,,
https://www.correos.es/es/es/particulares/enviar,0,logistica,correos,,
https://www.correos.es/es/es/particulares/recibir/esperando-la-entrega/quiero-modificar-la-entrega,0,logistica,correos,,
https://www.correos.es/es/es/particulares/recibir/nuestros-puntos-de-entrega-y-recogida/citypaq,0,logistica,correos,,
https://www.correos.es/es/es/particulares/recibir/planifica-tus-entregas/buzon-de-vacaciones,0,logistica,correos,,
https://www.correos.es/es/es/herramientas/codigos-postales/detalle,0,logistica,correos,,
https://www.correos.es/es/es/particulares/recibir/planifica-tus-entregas/reenvio-postal,0,logistica,correos,,
https://www.correos.es/es/es/particulares/recibir,0,logistica,correos,,
https://www.correos.es/es/es/herramientas/formulario-online-de-envios-de-oficina,0,logistica,correos,,
https://www.correos.es/es/es/atencion-al-cliente,0,logistica,correos,,
https://mioficina.correos.es/es/es/registro/detalle,0,logistica,correos,,
https://www.abanca.com/es/banca-a-distancia/banca-electronica/,0,banca,abanca,,
https://www.abanca.com/es/empresas/,0,banca,abanca,,
https://www.openbank.es/banca-segura,0,banca,openbank,,
https://www.openbank.es/inversiones,0,banca,openbank,,
https://www.caixabank.es/empresa/home/empresas_es.html,0,banca,caixabank,,
https://www.caixabank.es/particular/seguridad/seguridad_es.html,0,banca,caixabank,,
https://www.caixabank.es/particular/home/particulares_es.html,0,banca,caixabank,,
https://www.bbva.com/es/,0,banca,bbva,,
https://www.bbva.es/empresas/banca-online.html,0,banca,bbva,,
https://www.bbva.es/personas/ayuda/contacto.html,0,banca,bbva,,
https://www.bbva.es/personas/ayuda/seguridad.html,0,banca,bbva,,
https://www.bbva.es/personas/servicios/transferencias.html,0,banca,bbva,,
https://www.bbva.es/personas/servicios/banca-online.html,0,banca,bbva,,
https://www.bbva.es/personas/acceso/login.html,0,banca,bbva,,
https://www.bancosantander.es/particulares/prestamos/prestamo-personal,0,banca,santander,,
https://www.bancosantander.es/particulares/hazte-cliente,0,banca,santander,,
https://www.santander.com/es/home,0,banca,santander,,
https://www.bancosantander.es/empresas/banca-online/seguridad-online,0,banca,santander,,
https://www.bancosantander.es/empresas/banca-online,0,banca,santander,,
https://www.caixabank.es/particular/banca-digital/como-activar.html,0,banca,caixabank,,
https://www.correos.es/es/es/particulares/enviar/enviar-al-extranjero/paquetes-al-extranjero/tarifa-plana,0,logistica,correos,,
https://www.caixabank.es/empresa/bancadistancia/bancadistancia_es.html,0,banca,caixabank,,
https://www.ing.es/hazte-cliente,0,banca,ing,,
https://www.openbank.es/en/current-account,0,banca,openbank,,
https://www.openbank.es/,0,banca,openbank,,
https://www.bankinter.com/banca/nav/atencion-cliente/elevar-reclamacion,0,banca,bankinter,,
https://www.bankinter.com/banca/ayuda/agente-virtual,0,banca,bankinter,,
https://www.bankinter.com/banca/banca-distancia-online,0,banca,bankinter,,
https://www.bankinter.com/banca/contrata-tu-cuenta,0,banca,bankinter,,
https://www.bancsabadell.com/bsnacional/es/centro-de-ayuda/,0,banca,sabadell,,
https://www.bancsabadell.com/cs/Satellite/SabAtl/Volver-al-paso-anterior/GBS_Form_FA/1191332191487/1191345806389/es/,0,banca,sabadell,,
https://www.bancsabadell.com/bsnacional/es/particulares/tarjetas-bancarias/tarjeta-credito-classic/,0,banca,sabadell,,
https://www.bancsabadell.com/cs/Satellite/SabAtl/Que-hacemos-por-su-seguridad/6000020152359/en/,0,banca,sabadell,,
https://www.bancsabadell.com/bsnacional/es/particulares/cuentas-bancarias/cuenta-online-sabadell/,0,banca,sabadell,,
https://www.ing.es/sobre-ing/atencion-comercial-y-gestion-de-incidencias,0,banca,ing,,
https://www.ing.es/cuentas-ing,0,banca,ing,,
https://www.ing.es/cuenta-nomina-ing,0,banca,ing,,
https://www.ing.es/contacto,0,banca,ing,,
https://www.caixabank.es/particular/atencioclient/faqs/accesolo_faq1_es.html,0,banca,caixabank,,
https://www.correos.es/es/es/particulares/enviar/enviar-al-extranjero/paquetes-al-extranjero/paquete-internacional-light,0,logistica,correos,,
https://www.correos.es/es/es/particulares/enviar/enviar-al-extranjero/paquetes-al-extranjero/paquete-internacional-premium,0,logistica,correos,,
https://www.correos.es/es/es/particulares/enviar/envios-nacionales/envios-economicos/paquete-azul,0,logistica,correos,,
https://www.amazon.es/gp/help/customer/display.html?nodeId=201819300,0,ecommerce,amazon espana,,
https://www.lineadirecta.com/contacto,0,energia,linea directa,,
https://www.mapfre.es/particulares/contacto/dar-parte-coche/,0,energia,mapfre,,
https://www.endesa.com/es/te-ayudamos/gestiones-contratos/usuario-area-privada-endesa,0,energia,endesa,,
https://www.iberdrola.es/wclifral/alta/registro/identifica-contrato,0,energia,iberdrola,,
https://www.iberdrola.es/informacion/ventajas-mi-area-cliente,0,energia,iberdrola,,
https://www.lineadirecta.com/clientes/login.init.faces,0,energia,linea directa,,
https://www.mapfre.es/particulares/,0,energia,mapfre,,
https://www.endesa.com/es/te-ayudamos/sobre-tu-factura/pagar-facturas,0,energia,endesa,,
https://www.iberdrola.es/gestiones/facturacion/factura-electronica,0,energia,iberdrola,,
https://sede.dgt.gob.es/es/,0,publico,dgt,,
https://sede.seg-social.gob.es/wps/portal/sede/tramites,0,publico,seguridad social,,
https://sede.seg-social.gob.es/wps/portal/sede/sede/inicio,0,publico,seguridad social,,
https://sede.agenciatributaria.gob.es/Sede/notificaciones-cotejo-documentos.html,0,publico,aeat,,
https://www.amazon.es/gp/your-account/order-history,0,ecommerce,amazon espana,,
https://sede.agenciatributaria.gob.es/Sede/otros-servicios/cita-previa.html,0,publico,aeat,,
https://www.elcorteingles.es/ayuda/,0,ecommerce,el corte ingles,,
https://help.twitter.com/es,0,redessociales,twitter,,
https://www.linkedin.com/help/linkedin,0,redessociales,linkedin,,
https://developer.okta.com/docs/guides/implement-auth-code/overview/,0,saas,okta,,
https://auth0.com/docs/get-started/authentication-and-authorization-flow,0,saas,auth0,,
https://status.azure.com/es-es/status,0,saas,microsoft azure,,
https://www.cloudflarestatus.com/,0,saas,cloudflare,,
https://status.aws.amazon.com/,0,saas,amazon web services,,
https://stripe.com/es-es/docs/payments,0,saas,stripe espana,,
https://www.paypal.com/es/signin,0,saas,paypal espana,,
https://www.redsys.es/,0,cripto,redsys espana,,
https://www.netflix.com/es/,0,ecommerce,netflix (espana),,
https://te-ayudamos.mediamarkt.es/,0,ecommerce,mediamarkt,,
https://www.pccomponentes.com/login?srsltid=AfmBOorfZqVaf727e6g9_Jyeb18dbJUwQ2G5QeaDx7fbd_a0m1R21o44,0,ecommerce,pccomponentes,,
https://www.carrefour.es/servicios/click-and-collect.e,0,ecommerce,carrefour espana,,
https://www.carrefour.es/servicios/entrega-recogida-pedidos.e,0,ecommerce,carrefour espana,,
https://cuenta.elcorteingles.es/,0,ecommerce,el corte ingles,,
https://www.bancosantander.es/particulares/atencion-cliente/ayuda-urgente,0,banca,santander,,
https://academy.bit2me.com/es/,0,cripto,bit2me,,
https://www.kraken.com/es-es/sign-in,0,cripto,kraken,,
https://wwwapps.ups.com/pickup/pending?loc=es_ES,0,logistica,ups espana,,
https://www.ups.com/track?loc=es_ES,0,logistica,ups espana,,
https://www.dhl.com/es-es/ecommerce/home/private-shipments/customer-service/track-trace.html,0,logistica,dhl espana,,
https://www.dhl.com/es-es/home/seguimiento.html,0,logistica,dhl espana,,
https://mygls.gls-spain.es/,0,logistica,gls espana,,
https://gls-group.com/ES/es/recibir-paquetes/seguimiento-envio/,0,logistica,gls espana,,
https://www.nacex.es/s.do?exp=423234432&v=1DOJTCPJNO,0,logistica,nacex,,
https://www.nacex.es/irFaqs.do,0,logistica,nacex,,
https://www.nacex.es/irSeguimiento.do,0,logistica,nacex,,
https://www.mrw.es/empresa_mensajeria_urgente/mrw_contacto_paqueteria.asp,0,logistica,mrw,,
https://www.mrw.es/seguimiento/,0,logistica,mrw,,
https://www.seur.com/miseur/mis-envios,0,logistica,seur,,
https://www.seur.com/miseur/home,0,logistica,seur,,
https://www.correos.es/es/es/herramientas/localizador/envios/detalle,0,logistica,correos,,
https://www.correos.es/es/es/atencion-al-cliente/tarifas,0,logistica,correos,,
https://account.microsoft.com/,0,saas,microsoft,,
https://support.kraken.com/hc/es,0,cripto,kraken,,
https://www.office.com/login?es=UnauthClick,0,saas,microsoft,,
https://admin.google.com/,0,saas,google workspace,,
https://status.coinbase.com/,0,cripto,coinbase,,
https://www.coinbase.com/es/learn,0,cripto,coinbase,,
https://accounts.coinbase.com/signin?lang=es,0,cripto,coinbase,,
https://developers.binance.com/docs/wallet/others/system-status,0,cripto,binance,,
https://www.binance.com/es/network,0,cripto,binance,,
https://www.binance.com/es/price/bitcoin,0,cripto,binance,,
https://www.binance.com/es/support/faq/list/7,0,cripto,binance,,
https://www.binance.com/es/support,0,cripto,binance,,
https://accounts.binance.com/es/register,0,cripto,binance,,
https://dashboard.stripe.com/login,0,saas,stripe,,
https://gitlab.com/-/status,0,saas,gitlab,,
https://www.githubstatus.com/,0,saas,github,,
https://help.ovhcloud.com/csm/es-es/faq-support?id=kb_article_view&sysparm_article=KB0054565,0,saas,ovhcloud,,
https://login.ionos.es/,0,saas,ionos,,
https://www.google.com/appsstatus/dashboard/,0,saas,google workspace,,
https://myaccount.microsoft.com/,0,saas,microsoft,,
https://www.bancosantander.es/particulares/banca-online/transferencias,0,banca,santander,,
https://www.cajamar.es/es/empresas/,0,banca,cajamar,,
https://pasarela.clave.gob.es/Proxy2/ServiceProvider,0,publico,clave,portal Cl@ve oficial,
https://www.bancomediolanum.es/es-ES/la-banca-personal/,0,banca,bancomediolanum,portal Banco Mediolanum oficial,
https://www.bancosantander.es/particulares,0,banca,bancosantander,home bancaria oficial,
https://www.movistar.es/area-cliente/mi-cuenta/,0,teleco,movistar,área de clientes Movistar oficial,
https://m.vodafone.es/mves/login,0,teleco,vodafone,login Vodafone oficial,
https://www.ing.es/seguridad-internet,0,banca,ing,sección de seguridad oficial,
https://www.openbank.es/app-openbank,0,banca,openbank,app móvil oficial,
https://www.ing.es/,0,banca,ing,home bancaria oficial,
https://www.openbank.es/?toggleLogin&go-to-app=0,0,banca,openbank,login Openbank oficial,
https://login.decathlon.net/sign-in,0,ecommerce,decathlon,login Decathlon oficial,
https://www.amazon.es/ap/signin,0,ecommerce,amazon,login Amazon oficial,
https://www.hbomax.com/es/es/sign-in,0,streaming,hbomax,login HBO Max oficial,
https://www.orange.es/pago-facturas,0,teleco,orange,portal Orange facturas oficial,
https://www.bancosantander.es/particulares/banca-online/apps/santander,0,banca,bancosantander,app móvil oficial,
https://www.bbva.es/personas.html#,0,banca,bbva,home bancaria oficial,
https://www.correosexpress.es,0,logistica,correosexpress,portal Correos Express oficial,
https://walletconnect.network,0,cripto,walletconnect,portal WalletConnect oficial,
https://www.unicajabanco.es/es/particulares,0,banca,unicajabanco,home bancaria oficial,
https://www.bmedonline.es,0,banca,bmedonline,portal Banco Mediolanum oficial,
https://accounts.binance.com/es/login,0,cripto,binance,portal Binance oficial,
https://ver.flixole.com/log-in,0,streaming,flixole,login FlixOlé oficial,
https://www.bbva.es/nimbus/signin.html,0,banca,bbva,login BBVA oficial,
https://bancaelectronica.abanca.com,0,banca,abanca,portal banca electrónica Abanca oficial,
https://www.correos.es/es/es/herramientas/localizador/envios,0,logistica,correos,seguimiento/envíos oficial,
https://www.bbva.es/general/seguridad.html,0,banca,bbva,sección de seguridad oficial,
https://www.bbva.es/personas/banca-online,0,banca,bbva,portal banca online BBVA oficial,
https://www.bancosantander.es/particulares/banca-online/seguridad-online,0,banca,bancosantander,sección de seguridad oficial,
https://web.whatsapp.com,0,redessociales,whatsapp,WhatsApp Web oficial,
https://miyoigo.yoigo.com/login,0,teleco,yoigo,login Yoigo oficial,
https://venta.renfe.com/vol/loginParticular.do,0,viajes,renfe,área cliente Renfe oficial,
https://www.iberia.com/es/iberiaplus/recuperar-password/,0,viajes,iberia,recuperación Iberia Plus oficial,
https://login.yahoo.com/,0,redessociales,yahoo,login Yahoo Mail oficial,
https://www.instagram.com/accounts/password/reset/,0,redessociales,instagram,reset password Instagram oficial,
https://www.correosexpress.es/es/herramientas/localizador-de-envios,0,logistica,correosexpress,seguimiento/envíos oficial,
https://www.bancsabadell.com/bsnacional/es/particulares/servicios-de-banca-digital/,0,banca,bancsabadell,home bancaria oficial,
https://www.mutua.es/acceso-area-personal/#/login,0,seguros,mutua,oficina virtual Mutua Madrileña oficial,
https://areadeclientes.mapfre.es,0,seguros,mapfre,área cliente Mapfre oficial,
https://www.abanca.com/es/,0,banca,abanca,home bancaria oficial,
https://mibp.es/es/welcome,0,energia,bp,portal BP oficial,
https://www.habbo.es,0,gaming,habbo,portal Habbo oficial,
https://univia.unicajabanco.es,0,banca,unicajabanco,portal Unicaja oficial,
https://www.ibercaja.es/banca-personal/,0,banca,ibercaja,portal Ibercaja oficial,
https://wetransfer.com,0,saas,wetransfer,servicio WeTransfer oficial,
https://univia.unicajabanco.es/recuperar-clave/ayuda,0,banca,unicajabanco,soporte Unicaja oficial,
https://www.ibercaja.es/particulares/cuentas-tarjetas/cuentas/cuenta-vamos/,0,banca,ibercaja,home bancaria oficial,
https://www.dgt.es/inicio/,0,publico,dgt,portal DGT oficial,
https://univia.unicajabanco.es/login,0,banca,unicajabanco,login oficial clientes,
https://sede.dgt.gob.es/es/otros-tramites/cita-previa/index.html,0,publico,dgt,sede electrónica DGT (trámites),
https://sede.dgt.gob.es/es/multas/pago-de-multas/,0,publico,dgt,sede electrónica DGT (trámites),
https://www.bancsabadell.com/bsnacional/es/empresas/,0,banca,bancsabadell,home bancaria oficial,
https://identidad.ibercaja.es/soporte/plataforma/identidad/api/v1/Account/Login,0,banca,ibercaja,login oficial clientes,
https://www.dropbox.com/es_ES/login,0,saas,dropbox,login Dropbox oficial,
https://www.coinbase.com/es-es,0,cripto,coinbase,portal Coinbase oficial,
https://www.mediamarkt.es/es/service/opciones-de-pago,0,ecommerce,mediamarkt,portal MediaMarkt oficial,
https://www.pccomponentes.com/login,0,ecommerce,pccomponentes,login PcComponentes oficial,
https://www.financieraelcorteingles.es/es/pago-de-recibos/,0,ecommerce,financieraelcorteingles,portal Financiera El Corte Inglés oficial,
https://ing.ingdirect.es/pfm/#login,0,banca,ing,login oficial clientes,
https://help.coinbase.com/es-es,0,cripto,coinbase,centro de ayuda Coinbase oficial,
https://www.pass.carrefour.es/zona-cliente/,0,ecommerce,carrefour,zona cliente Carrefour oficial,
https://www.unicismadrid.es,0,publico,unicismadrid,portal Universidad de Madrid oficial,
https://www.roblox.com/es/login,0,gaming,roblox,login Roblox oficial,
https://zoom.us/es/join,0,saas,zoom,página de reuniones Zoom oficial,
https://www.roblox.com/es/upgrades/robux?ctx=navpopover,0,gaming,roblox,portal Roblox oficial,
https://accounts.google.com/ServiceLogin?service=wise,0,saas,google,login Google oficial,
https://www.ing.es/sobre-ing/app.html,0,banca,ing,app móvil oficial,
https://movil.bbva.es/apps/woody/index.html,0,banca,bbva,app móvil oficial,
https://www.ionos.es/ayuda/sitios-web-tiendas/comprar-mywebsite-now-y-mywebsite-creator/pagos/,0,saas,ionos,soporte IONOS oficial,
https://www.ionos.es/ayuda/mi-cuenta/gestionar-mis-datos-de-acceso-y-contrasenas/iniciar-sesion-en-ionos-login/,0,saas,ionos,login IONOS oficial,
https://www.digimobil.es/atencion-cliente,0,teleco,digimobil,portal Digi oficial,
https://www.bankinter.com/banca/nav/banca-personal,0,banca,bankinter,home bancaria oficial,
https://bit2me.com/es,0,cripto,bit2me,portal Bit2Me oficial,
https://yosoymas.masmovil.es/login/primer-acceso,0,teleco,masmovil,portal MasMóvil oficial,
https://www.ruralcentral.es/es/particulares/004-seguridad-ruralvia,0,banca,ruralcentral,sección de seguridad oficial,
https://www.bankinter.com/empresas/,0,banca,bankinter,home bancaria oficial,
https://www.cajaruraldeasturias.com/es/particulares/nueva-ruralvia,0,banca,cajaruraldeasturias,home bancaria oficial,
https://www.kutxabank.es/bmweb/login,0,banca,kutxabank,login oficial clientes,
https://www.kutxabank.es/,0,banca,kutxabank,home bancaria oficial,
https://www.grupocajarural.es/es,0,banca,grupocajarural,home Caja Rural oficial,
https://www.openbank.es/banca-personal,0,banca,openbank,portal Openbank oficial,
https://www.seg-social.es/wps/portal/wss/internet/Inicio,0,publico,seg-social,portal Seguridad Social oficial,
https://solicitudonline.abanca.com/Contratacion/es/contratacion_cuenta_clara_TdC_dinero/J,0,banca,abanca,portal contratación Abanca oficial,
https://www.portalcliente.mercadona.es/,0,ecommerce,mercadona,portal Mercadona oficial,
https://www.zara.com/es/es/logon,0,ecommerce,zara,portal Zara oficial,
https://www.netflix.com/es/loginHelp,0,streaming,netflix,soporte/login Netflix oficial,
https://www.microsoft.com/es-es/microsoft-365/outlook/log-in,0,saas,microsoft,portal Outlook oficial,
https://areaclientes.orange.es,0,teleco,orange,área de clientes Orange oficial,
https://sede.agenciatributaria.gob.es,0,publico,agenciatributaria,sede electrónica Agencia Tributaria (trámites),
https://www.netflix.com/es/login,0,streaming,netflix,login Netflix oficial,
https://www.ing.es/sobre-ing/app-movil-pc,0,banca,ing,app móvil oficial,
https://www.ionos.es/ayuda/mi-cuenta/factura-11-ionos/consultar-mis-facturas-de-11-ionos/,0,saas,ionos,soporte IONOS oficial,
https://www.bancsabadell.com/bsnacional/es/particulares/login/,0,banca,bancsabadell,login oficial clientes,
https://seguridad.bankinter.com/gestion/es-es/,0,banca,bankinter,sección de seguridad Bankinter oficial,
https://caixabank-es-883f1e.ingress-erytho.easywp.com/particular-tarjetas/auth/access/clients/sms.php?verification,1,banca,caixabank,"banca | caixaBank | Verificación | free_hosting;marca_en_path;spanish_token | score=13, signals=spanish_brand:caixabank;spanish_brand:ing;spanish_token:tarjeta;spanish_token:sm | confianza=90 (ruido=10%)",
http://122.114.173.242:30/bancosantander.es/particulares.php,1,banca,santander,"banca | santander | Login | marca_en_path;spanish_token | score=12, signals=spanish_brand:santander;spanish_token:banco;spanish_token:particulares;spanish_m | confianza=90 (ruido=10%)",
http://wingerdgastehuis.co.za/Bienvenido%20a%20Correos.es%20-%20El%20Portal%20Online%20de%20Correos.html,1,logistica,correos,"logistica | correos | Smishing paquete | marca_en_path;spanish_token | score=13, signals=spanish_brand:ing;spanish_brand:correos;spanish_token:portal;spanish_marker:.es; | confianza=90 (ruido=10%)",
http://webseguridadcuenta-9e626b.ingress-bonde.easywp.com/cuenta/eses/auth/access/clients/sms.php?error=1&verification=,1,generico,generico,"generico | generico | Verificación | free_hosting;marca_en_path;spanish_token | score=13, signals=spanish_brand:ing;spanish_token:seguridad;spanish_token:cuenta;spanish_token:sms | confianza=90 (ruido=10%)",
https://www.mobile.kinman.com/.well-known/acme-challenge/xb3rlin-finalcorreos/pagomente/pagomente/recibir_paquete.php,1,logistica,correos,"logistica | correos | Pago | marca_en_path;spanish_token | score=13, signals=spanish_brand:correos;spanish_token:pago;spanish_token:paquete;spanish_token:rec | confianza=90 (ruido=10%)",
https://wififpt.com.vn/es/bankia.es/es/acceso-clientes/acceso-clientes/es/loading.php?link=info,1,banca,bankia,"banca | bankia | Login | marca_en_path;spanish_token | score=13, signals=spanish_brand:ing;spanish_token:cliente;spanish_token:clientes;spanish_token:acc | confianza=90 (ruido=10%)",
https://web-5.builderallwppro.com/necorreos/vv/cors/pagomente/recibir_paquete.php,1,logistica,correos,"logistica | correos | Pago | marca_en_path;spanish_token | score=13, signals=spanish_brand:correos;spanish_token:pago;spanish_token:paquete;spanish_token:rec | confianza=90 (ruido=10%)",
https://suponsoro22-ba9799.ingress-daribow.ewp.live/acceesoo/acceso/es/clients/login.php,1,generico,generico,"generico | generico | Login | free_hosting;marca_en_path;spanish_token | score=13, signals=spanish_brand:ing;spanish_token:acceso;spanish_token:login;brand_and_spanish_tok | confianza=90 (ruido=10%)",
https://suponsoo22-ba6aa2.ingress-florina.ewp.live/accesooo/acceso/es/clients/login.php,1,generico,generico,"generico | generico | Login | free_hosting;marca_en_path;spanish_token | score=13, signals=spanish_brand:ing;spanish_token:acceso;spanish_token:login;brand_and_spanish_tok | confianza=90 (ruido=10%)",
https://supoertas22-bb468f.ingress-bonde.ewp.live/acceso/acceso/es/clients/login.php?verification,1,generico,generico,"generico | generico | Verificación | free_hosting;marca_en_path;spanish_token | score=13, signals=spanish_brand:ing;spanish_token:acceso;spanish_token:login;brand_and_spanish_tok | confianza=90 (ruido=10%)",
https://supanort22-baa4c7.ingress-erytho.ewp.live/aaccesoo/acceso/es/clients/login.php,1,generico,generico,"generico | generico | Login | free_hosting;marca_en_path;spanish_token | score=13, signals=spanish_brand:ing;spanish_token:acceso;spanish_token:login;brand_and_spanish_tok | confianza=90 (ruido=10%)",
https://sncrly-bbva.xyz/bbva/area_cliente/smsconfirmacionerreur.html,1,banca,bbva,"banca | bbva | Confirmación | marca_en_path;spanish_token | score=13, signals=spanish_brand:bbva;spanish_token:cliente;spanish_token:confirmacion;spanish_toke | confianza=90 (ruido=10%)",
https://sistemaactivada-bb172f.ingress-earth.ewp.live/cuenta/home/particulares.php,1,generico,generico,"banca | generico | Login | free_hosting;marca_en_path;spanish_token | score=13, signals=spanish_brand:ing;spanish_token:cuenta;spanish_token:particulares;brand_and_span | confianza=90 (ruido=10%)",
https://servicio-cliente-st-b9fc89.ingress-baronn.ewp.live/santapage1edite/login.php,1,banca,santander,"banca | santander | Login | free_hosting;marca_en_path;spanish_token | score=13, signals=spanish_brand:ing;spanish_token:cliente;spanish_token:login;brand_and_spanish_to | confianza=90 (ruido=10%)",
https://portalxciaxaparticularesloc16-b3cb76.ingress-florina.ewp.live/m8/home,1,banca,caixabank,"banca | caixabank | Login | free_hosting;marca_en_path;spanish_token | score=13, signals=spanish_brand:ing;spanish_token:portal;spanish_token:particulares;brand_and_span | confianza=90 (ruido=10%)",
https://personal-santanders-pago-movil-es-app-subscriptions.codeanyapp.com/santaaa/iniciar.php,1,banca,santander,"banca | santander | Pago | marca_en_path;spanish_token | score=13, signals=spanish_brand:santander;spanish_token:pago;spanish_token:movil;spanish_hosting:c | confianza=90 (ruido=10%)",
https://bancosantander-es-online.preview-domain.com/xx/santa_presi/login,1,banca,santander,"banca | santander | Login | marca_en_path;spanish_token | score=13, signals=spanish_brand:santander;spanish_token:login;spanish_token:banco;spanish_hosting: | confianza=90 (ruido=10%)",
https://particulares-es-b965d0.ingress-comporellon.ewp.live/es-parti/clients/login.php,1,generico,generico,"generico | generico | Login | free_hosting;marca_en_path;spanish_token | score=13, signals=spanish_brand:ing;spanish_token:login;spanish_token:particulares;brand_and_spani | confianza=90 (ruido=10%)",
https://particulares-es-1-bd5e31.ingress-daribow.ewp.live/particulares/clients/login.php?f2828d9d,1,generico,generico,"generico | generico | Login | free_hosting;marca_en_path;spanish_token | score=13, signals=spanish_brand:ing;spanish_token:login;spanish_token:particulares;brand_and_spani | confianza=90 (ruido=10%)",
https://particulares-bancosantander-es.preview-domain.com/xx/santa_presi,1,banca,santander,"banca | santander | Login | marca_en_path;spanish_token | score=13, signals=spanish_brand:santander;spanish_token:banco;spanish_token:particulares;spanish_h | confianza=90 (ruido=10%)",
https://particulares-bancosantander-es-beyogal852715907.codeanyapp.com/es/index.php,1,banca,santander,"banca | santander | Login | marca_en_path;spanish_token | score=13, signals=spanish_brand:santander;spanish_token:banco;spanish_token:particulares;spanish_h | confianza=90 (ruido=10%)",
https://particulares-bancosantander.codeanyapp.com/zepek/iniciar.php,1,banca,santander,"banca | santander | Login | marca_en_path;spanish_token | score=13, signals=spanish_brand:santander;spanish_token:banco;spanish_token:particulares;spanish_h | confianza=90 (ruido=10%)",
https://nowsantaempresas-bc7376.ingress-comporellon.ewp.live/sant/actualizacion/home/particulares.php,1,banca,santander,"banca | santander | Login | free_hosting;marca_en_path;spanish_token | score=13, signals=spanish_brand:ing;spanish_token:actualizacion;spanish_token:particulares;brand_a | confianza=90 (ruido=10%)",
https://loikolaka-1.builderallwppro.com/correosi/vv/cors/pagomente/recibir_paquete.php,1,logistica,correos,"logistica | correos | Pago | marca_en_path;spanish_token | score=13, signals=spanish_brand:correos;spanish_token:pago;spanish_token:paquete;spanish_token:rec | confianza=90 (ruido=10%)",
https://informacion-cliente-spainespain34122306.codeanyapp.com/cr/ss/corr/billing.php,1,generico,generico,"generico | generico | Login | marca_en_path;spanish_token | score=13, signals=spanish_brand:ing;spanish_token:cliente;spanish_token:forma;spanish_hosting:code | confianza=90 (ruido=10%)",
http://seur.mispaquete.com/app/recibir/envio-online2/templates/cc.php,1,logistica,seur,"logistica | seur | Smishing paquete | marca_en_path;spanish_token | score=13, signals=spanish_brand:seur;spanish_token:envio;spanish_token:paquete;spanish_token:recib | confianza=90 (ruido=10%)",
https://eniar-codigos-postales-oficinas-user565.codeanyapp.com/spain/correos/auth,1,logistica,correos,"logistica | correos | Verificación | marca_en_path;spanish_token | score=13, signals=spanish_brand:correos;spanish_token:oficina;spanish_token:codigo;spanish_hosting | confianza=90 (ruido=10%)",
https://cuentas.170-64-148-61.cprapid.com/app/bbva_light,1,banca,bbva,"banca | bbva | Login | marca_en_path;spanish_token | score=13, signals=spanish_brand:bbva;spanish_token:cuenta;spanish_token:cuentas;spanish_hosting:cp | confianza=90 (ruido=10%)",
http://dinamicaenlineatusucursal.com/verificacion/estado/ingreso/proceso/estimado/sucarsal,1,generico,generico,"banca | generico | Verificación | marca_en_path;spanish_token | score=12, signals=spanish_brand:ing;spanish_token:verificacion;spanish_token:verificacion;brand_an | confianza=90 (ruido=10%)",
https://cuentas.15-237-142-160.cprapid.com/bbva_light,1,banca,bbva,"banca | bbva | Login | marca_en_path;spanish_token | score=13, signals=spanish_brand:bbva;spanish_token:cuenta;spanish_token:cuentas;spanish_hosting:cp | confianza=90 (ruido=10%)",
http://envios-sinotrans-correos.com/seguimiento/pagomentaes/recibir_paquete.php,1,logistica,correos,"logistica | correos | Pago | marca_en_path;spanish_token | score=12, signals=spanish_brand:correos;spanish_token:pago;spanish_token:envio;spanish_token:paque | confianza=90 (ruido=10%)",
http://ing-banco.es.swtest.ru/ing/ing/sms_code_error.php,1,banca,ing,"banca | ing | Login | marca_en_path;spanish_token | score=12, signals=spanish_brand:ing;spanish_token:banco;spanish_token:sms;spanish_marker:.es;brand | confianza=90 (ruido=10%)",
https://am-coaching.salamander.dev/caixa/vbv/home/forma.html,1,banca,caixabank,"banca | caixaBank | Login | marca_en_path;spanish_token | score=14, signals=spanish_brand:ing;spanish_token:forma;brand_and_spanish_token_boost;path_verific | confianza=90 (ruido=10%)",
https://bancosantander-firma-es-account-activation-yakuzablyat101350359.codeanyapp.com/online1/particulares/home.php?web=succes&local=_&id=76276442,1,banca,santander,"banca | santander | Login | marca_en_path;spanish_token | score=14, signals=spanish_brand:santander;spanish_token:banco;spanish_token:particulares;spanish_t | confianza=90 (ruido=10%)",
https://bbva.es.id8261.info/usuario,1,banca,bbva,"banca | bbva | Login | marca_en_path;spanish_token | score=14, signals=spanish_brand:bbva;spanish_token:usuario;spanish_marker:.es;brand_and_spanish_to | confianza=90 (ruido=10%)",
https://bobo-bc1ece.ingress-erytho.ewp.live/santander/manage/index.html?view=login&appldkey=fcd00c0656cc490&country=ee,1,banca,santander,"banca | santander | Login | free_hosting;marca_en_path;spanish_token | score=14, signals=spanish_brand:santander;spanish_brand:ing;spanish_token:login;brand_and_spanish_ | confianza=90 (ruido=10%)",
https://invetsofia-b96935.ingress-earth.ewp.live/produits/santander/clients/login.php?%22santander%22,1,banca,santander,"banca | santander | Login | free_hosting;marca_en_path;spanish_token | score=14, signals=spanish_brand:santander;spanish_brand:ing;spanish_token:login;brand_and_spanish_ | confianza=90 (ruido=10%)",
https://oldoone-ba3214.ingress-comporellon.ewp.live/service/santander/particulares.php,1,banca,santander,"banca | santander | Login | free_hosting;marca_en_path;spanish_token | score=14, signals=spanish_brand:santander;spanish_brand:ing;spanish_token:particulares;brand_and_s | confianza=90 (ruido=10%)",
https://particularhomeweblogicsession-b1032f.ingress-baronn.ewp.live/caix/lacaixa/home/espera2.html,1,banca,caixabank,"banca | caixabank | Login | free_hosting;marca_en_path;spanish_token | score=14, signals=spanish_brand:ing;spanish_token:espera;brand_and_spanish_token_boost;path_verifi | confianza=90 (ruido=10%)",
https://public-2-a27a5b.ingress-florina.ewp.live/info/caixa-vbvfinal/home/espera.html,1,banca,caixabank,"banca | caixabank | Login | free_hosting;marca_en_path;spanish_token | score=14, signals=spanish_brand:ing;spanish_token:espera;brand_and_spanish_token_boost;path_verifi | confianza=90 (ruido=10%)",
https://santasp-b96842.ingress-earth.ewp.live/ex%20+%20my%20info/corex/auth/erreur-sms.php,1,banca,santander,"banca | santander | Login | free_hosting;marca_en_path;spanish_token | score=14, signals=spanish_brand:ing;spanish_token:sms;brand_and_spanish_token_boost;path_verificat | confianza=90 (ruido=10%)",
https://service-2-a0ec7f.ingress-erytho.ewp.live/santander%20(4)/clients/login.php,1,banca,santander,"banca | santander | Login | free_hosting;marca_en_path;spanish_token | score=14, signals=spanish_brand:santander;spanish_brand:ing;spanish_token:login;brand_and_spanish_ | confianza=90 (ruido=10%)",
https://wordpress-916397-3181167.cloudwaysapps.com/bbva.es/bbva.es/cuenta/area_cliente,1,banca,bbva,"banca | bbva | Login | marca_en_path;spanish_token | score=14, signals=spanish_brand:bbva;spanish_token:cliente;spanish_token:cuenta;spanish_marker:.es | confianza=90 (ruido=10%)",
https://www.webspaceguy.com/knjh68515/caixabank.es3/a/-cuenta/index.html?info_selecteur_web.html?loginaccess=op=c&url&request_locale=fr_fr&lpolbreseterrorcounter=20&c55ad10873e7ca17e58cda24c3bf2b0d,1,banca,caixabank,"banca | caixabank | Login | marca_en_path;spanish_token | score=14, signals=spanish_brand:caixabank;spanish_token:login;spanish_token:cuenta;spanish_marker: | confianza=90 (ruido=10%)",
http://044088d.wcomhost.com/www.santanader.es/banco/particulier/santander/santa,1,banca,santander,"banca | santander | Login | marca_en_path;spanish_token | score=13, signals=spanish_brand:santander;spanish_token:banco;spanish_marker:.es;brand_and_spanish | confianza=90 (ruido=10%)",
http://bbvaspaing.temp.swtest.ru/bbva21/bbva/area_cliente/smsconfirmacion.html,1,banca,bbva,"banca | bbva | Confirmación | marca_en_path;spanish_token | score=13, signals=spanish_brand:bbva;spanish_brand:ing;spanish_token:cliente;spanish_token:confirm | confianza=90 (ruido=10%)",
http://loc2.caixabank.es.ay-min.az/gpeticiones;weblogicsession/lacaixa/home/codigo.html,1,banca,caixabank,"banca | caixabank | Verificación | marca_en_path;spanish_token | score=13, signals=spanish_brand:caixabank;spanish_token:codigo;spanish_marker:.es;brand_and_spanis | confianza=90 (ruido=10%)",
http://loc4.caixabank.es.gpeticiones.weblogicsession.ay-min.az/lacaixa/home/codigo.html,1,banca,caixabank,"banca | caixabank | Verificación | marca_en_path;spanish_token | score=13, signals=spanish_brand:caixabank;spanish_token:codigo;spanish_marker:.es;brand_and_spanis | confianza=90 (ruido=10%)",
http://loveysplace.com/ingdirect.es/02298/sms.html,1,banca,ing,"banca | ing | Login | marca_en_path;spanish_token | score=13, signals=spanish_brand:ing;spanish_token:sms;spanish_marker:.es;brand_and_spanish_token_b | confianza=90 (ruido=10%)",
https://064f211.wcomhost.com/caixanew/CaixaBank/particular/GPeticionesPN/Es/home/Espera.html,1,banca,caixabank,"banca | caixaBank | Login | marca_en_path;spanish_token | score=13, signals=spanish_brand:caixabank;spanish_token:espera;brand_and_spanish_token_boost;brand | confianza=90 (ruido=10%)",
https://0674b9c.wcomhost.com/CaixaBank/particular/GPeticionesPN/Es/home/Espera.html,1,banca,caixabank,"banca | caixaBank | Login | marca_en_path;spanish_token | score=13, signals=spanish_brand:caixabank;spanish_token:espera;brand_and_spanish_token_boost;brand | confianza=90 (ruido=10%)",
https://anularpagosbc.replit.app/mua/waiting/scis/j6unvhzsitlyrxstpnfun4tssjgejkn7dldp6fxsjfxo/3d/no-back-button,1,generico,generico,"banca | generico | Pago | free_hosting;kit_3dsecure;marca_en_path;spanish_token | score=13, signals=spanish_brand:ing;spanish_token:pago;spanish_token:pagos;brand_and_spanish_token, TLD .app | confianza=90 (ruido=10%)",
https://banco.online.bbva.146-70-81-49.cprapid.com/bbva-movil/es/index.php,1,banca,bbva,"banca | bbva | Login | marca_en_path;spanish_token | score=13, signals=spanish_brand:bbva;spanish_token:banco;spanish_token:movil;spanish_hosting:cprap | confianza=90 (ruido=10%)",
https://bancosantander.es.hotelparadis.es/aviso/03a253e1ba5bba8/login.php?signin,1,banca,santander,"banca | santander | Login | marca_en_path;spanish_token | score=13, signals=spanish_brand:santander;spanish_token:login;spanish_token:aviso;spanish_token:ba | confianza=90 (ruido=10%)",
http://nuevaentrega-b527a7.ingress-earth.ewp.live/amazon,1,logistica,amazon,"logistica | amazon | Login | free_hosting;marca_en_path;spanish_token | score=12, signals=spanish_brand:ing;spanish_token:entrega;brand_and_spanish_token_boost;brand_in_s | confianza=90 (ruido=10%)",
http://ngievsm.beget.tech/icl/ingbanco.es/ing_n/4c95e/code/num/confirmacionmovil.php,1,banca,ing,"banca | ing | Confirmación | marca_en_path;spanish_token | score=12, signals=spanish_brand:ing;spanish_token:confirmacion;spanish_token:banco;spanish_token:m | confianza=90 (ruido=10%)",
http://mooneygroup-it.builderallwppro.com/correos/recibir_paquete.php,1,logistica,correos,"logsitica | correos | Smishing paquete | marca_en_path;spanish_token | score=12, signals=spanish_brand:correos;spanish_token:paquete;spanish_token:recibir;brand_and_span | confianza=90 (ruido=10%)",
http://magento-421793-1325519.cloudwaysapps.com/ing%20-%20banco%20online%20sin%20comisiones12/sms.html,1,banca,ing,"banca | ing | Login | marca_en_path;spanish_token | score=12, signals=spanish_brand:ing;spanish_token:banco;spanish_token:sms;brand_and_spanish_token_ | confianza=90 (ruido=10%)",
http://kiddofeedo.com/vip/images/gruposantander/home/sms_codigo,1,banca,santander,"banca | santander | Verificación | marca_en_path;spanish_token | score=12, signals=spanish_brand:santander;spanish_token:codigo;spanish_token:sms;brand_and_spanish | confianza=90 (ruido=10%)",
http://go.vpscairo.com/vpscairo_files/core/ess/bienvenido%20a%20correos.es%20-%20el%20portal%20online%20de%20correos.html,1,logistica,correos,"logistica | correos | Smishing paquete | marca_en_path;spanish_token | score=12, signals=spanish_brand:correos;spanish_token:portal;spanish_marker:.es;brand_and_spanish_ | confianza=90 (ruido=10%)",
https://cuenta-informacion-bcbeaf.ingress-daribow.ewp.live/ing/ing/coo.php,1,banca,ing,"banca | ing | Login | free_hosting;marca_en_path;spanish_token | score=13, signals=spanish_brand:ing;spanish_token:cuenta;spanish_token:forma;brand_and_spanish_tok | confianza=90 (ruido=10%)",
https://cuentainformacion-b8eb22.ingress-comporellon.ewp.live/express/corexbt/auth/billing.php,1,generico,generico,"generico | generico | Login | free_hosting;marca_en_path;spanish_token | score=13, signals=spanish_brand:ing;spanish_token:cuenta;spanish_token:forma;brand_and_spanish_tok | confianza=90 (ruido=10%)",
https://correospaquette-bcfe8c.ingress-florina.ewp.live/pagomente_spain,1,logistica,correos,"logistica | correos | Pago | free_hosting;marca_en_path;spanish_token | score=13, signals=spanish_brand:ing;spanish_brand:correos;spanish_token:pago;brand_and_spanish_tok | confianza=90 (ruido=10%)",
https://correosespana-b4c727.ingress-earth.ewp.live/auth/erreur-sms.php,1,logistica,correos,"logistica | correos | Smishing paquete | free_hosting;marca_en_path;spanish_token | score=15, signals=spanish_brand:ing;spanish_brand:correos;spanish_token:sms;brand_and_spanish_toke | confianza=90 (ruido=10%)",
https://correos-b69ce7.ingress-daribow.ewp.live/correos.spania/correos/coress/coress/manage/sms/sms2.html,1,logistica,correos,"logistica | correos | Smishing paquete | free_hosting;marca_en_path;spanish_token | score=15, signals=spanish_brand:ing;spanish_brand:correos;spanish_token:sms;brand_and_spanish_toke | confianza=90 (ruido=10%)",
https://co-bccd2c.ingress-bonde.ewp.live/po/home/recibir_paquete.php,1,generico,generico,"logistica | generico | Smishing paquete | free_hosting;marca_en_path;spanish_token | score=15, signals=spanish_brand:ing;spanish_token:paquete;spanish_token:recibir;brand_and_spanish_ | confianza=90 (ruido=10%)",
http://correos-spain.tempurl.host/es/recibir_paquete.php,1,logistica,correos,"logistica | correos | Smishing paquete | marca_en_path;spanish_token | score=15, signals=spanish_brand:correos;spanish_token:paquete;spanish_token:recibir;spanish_hostin | confianza=90 (ruido=10%)",
http://correos-esxpress.tempurl.host/correos-esxpress.tempurl.host/es/recibir_paquete.php,1,logistica,correos,"logustuca | correos | Smishing paquete | marca_en_path;spanish_token | score=15, signals=spanish_brand:correos;spanish_token:paquete;spanish_token:recibir;spanish_hostin | confianza=90 (ruido=10%)",
http://www.paqueteseur.info/Correos/Seleccione_medio_de_pago_codigo.php,1,logistica,seur,"logistica | seur | Pago | marca_en_path;spanish_token | score=16, signals=spanish_brand:correos;spanish_brand:seur;spanish_token:pago;spanish_token:paquet | confianza=90 (ruido=10%)",
https://site73-bd0bf7.ingress-erytho.ewp.live/867524/pagomente/recibir_paquete.php,1,logistica,correos,"logistica | correos | Pago | free_hosting;marca_en_path;spanish_token | score=16, signals=spanish_brand:ing;spanish_token:pago;spanish_token:paquete;spanish_token:recibir | confianza=90 (ruido=10%)",
https://recibir-paquete-da9943.ingress-erytho.ewp.live/correos,1,logistica,correos,"logistica | correos | Smishing paquete | free_hosting;marca_en_path;spanish_token | score=16, signals=spanish_brand:ing;spanish_brand:correos;spanish_token:paquete;spanish_token:reci | confianza=90 (ruido=10%)",
https://espaserv-bc31cb.ingress-erytho.ewp.live/spain/pagomente/recibir_paquete.php,1,logistica,correos,"logistica | correos | Pago | free_hosting;marca_en_path;spanish_token | score=16, signals=spanish_brand:ing;spanish_token:pago;spanish_token:paquete;spanish_token:recibir | confianza=90 (ruido=10%)",
https://cuotasnopagadas-1-bc0ed7.ingress-earth.ewp.live/confirmeelpago/recibir_paquete.php,1,generico,generico,"logistica | generico | Pago | free_hosting;marca_en_path;spanish_token | score=16, signals=spanish_brand:ing;spanish_token:pago;spanish_token:paquete;spanish_token:recibir | confianza=90 (ruido=10%)",
https://corrreosspain-bc31cb.ingress-bonde.ewp.live/es/pagomente/recibir_paquete.php,1,logistica,correos,"logistica | correos | Pago | free_hosting;marca_en_path;spanish_token | score=16, signals=spanish_brand:ing;spanish_token:pago;spanish_token:paquete;spanish_token:recibir | confianza=90 (ruido=10%)",
https://correosss-ew-be2384.ingress-erytho.ewp.live/ls-spn/recibir_paquete.php,1,logistica,correos,"logistica | correos | Smishing paquete | free_hosting;marca_en_path;spanish_token | score=16, signals=spanish_brand:ing;spanish_brand:correos;spanish_token:paquete;spanish_token:reci | confianza=90 (ruido=10%)",
https://correosparticularsestaaa-bce9d7.ingress-daribow.ewp.live/hp5dt/cesp/recibir_paquete.php,1,logistica,correos,"logistica | correos | Smishing paquete | free_hosting;marca_en_path;spanish_token | score=16, signals=spanish_brand:ing;spanish_brand:correos;spanish_token:paquete;spanish_token:reci | confianza=90 (ruido=10%)",
https://correosparricularesssss-bd6c41.ingress-earth.ewp.live/tkeee/zeeed/recibir_paquete.php,1,logistica,correos,"logistica | correos | Smishing paquete | free_hosting;marca_en_path;spanish_token | score=16, signals=spanish_brand:ing;spanish_brand:correos;spanish_token:paquete;spanish_token:reci | confianza=90 (ruido=10%)",
https://correosexpriiso-b7be51.ingress-comporellon.ewp.live/crss/adam/recibir_paquete.php,1,logistica,correos,"logistica | correos | Smishing paquete | free_hosting;marca_en_path;spanish_token | score=16, signals=spanish_brand:ing;spanish_brand:correos;spanish_token:paquete;spanish_token:reci | confianza=90 (ruido=10%)",
https://0560db8.wcomhost.com/Caixabank/particulares_es/home/Espera2.html,1,banca,caixabank,"banca | caixaBank | Login | marca_en_path;spanish_token | score=14, signals=spanish_brand:caixabank;spanish_token:particulares;spanish_token:espera;brand_an | confianza=90 (ruido=10%)",
https://consielle-bbc9ad.ingress-comporellon.ewp.live/coreoss/pagomente/recibir_paquete.php,1,logistica,correos,"logistica | correos | Pago | free_hosting;marca_en_path;spanish_token | score=16, signals=spanish_brand:ing;spanish_token:pago;spanish_token:paquete;spanish_token:recibir | confianza=90 (ruido=10%)",
https://wordpress-893197-3098519.cloudwaysapps.com/wwww.correos.es/particulares/es/recibir_paquete.php,1,logistica,correos,"logistica | correos | Smishing paquete | marca_en_path;spanish_token | score=17, signals=spanish_brand:correos;spanish_token:paquete;spanish_token:particulares;spanish_t | confianza=90 (ruido=10%)",
https://correos-bcea5d.ingress-baronn.ewp.live/log-up/pagomente/recibir_paquete.php,1,logistica,correos,"logistica | correos | Pago | free_hosting;marca_en_path;spanish_token | score=17, signals=spanish_brand:ing;spanish_brand:correos;spanish_token:pago;spanish_token:paquete | confianza=90 (ruido=10%)",
https://correos-bcb20b.ingress-baronn.ewp.live/login/home/correeoos/recibir_paquete.php,1,logistica,correos,"logistica | correos | Smishing paquete | free_hosting;marca_en_path;spanish_token | score=17, signals=spanish_brand:ing;spanish_brand:correos;spanish_token:login;spanish_token:paquet | confianza=90 (ruido=10%)",
https://correos-1-bc9a64.ingress-erytho.ewp.live/info/pagomente/recibir_paquete.php,1,logistica,correos,"logistica | correos | Pago | free_hosting;marca_en_path;spanish_token | score=17, signals=spanish_brand:ing;spanish_brand:correos;spanish_token:pago;spanish_token:paquete | confianza=90 (ruido=10%)",
https://informacion-bc74ce.ingress-baronn.ewp.live/cuenta/pagomente/recibir_paquete.php,1,generico,generico,"logistica | generico | Pago | free_hosting;marca_en_path;spanish_token | score=18, signals=spanish_brand:ing;spanish_token:pago;spanish_token:paquete;spanish_token:cuenta; | confianza=90 (ruido=10%)",
https://have-bcea5d.ingress-erytho.ewp.live/content/word/correos/recibir_paquete.php,1,logistica,correos,"logistica | correos | Smishing paquete | free_hosting;marca_en_path;spanish_token | score=18, signals=spanish_brand:ing;spanish_brand:correos;spanish_token:paquete;spanish_token:reci | confianza=90 (ruido=10%)",
https://groupocoroeoss-bd38c7.ingress-erytho.ewp.live/login/grupo.correos/recibir_paquete.php,1,logistica,correos,"logistica | correos | Smishing paquete | free_hosting;marca_en_path;spanish_token | score=19, signals=spanish_brand:ing;spanish_brand:correos;spanish_token:login;spanish_token:paquet | confianza=90 (ruido=10%)",
https://gestin-particulares-es-1-bc3294.ingress-daribow.ewp.live/necorreos/recibir_paquete.php,1,logistica,correos,"logistica | correos | Smishing paquete | free_hosting;marca_en_path;spanish_token | score=19, signals=spanish_brand:ing;spanish_brand:correos;spanish_token:paquete;spanish_token:part | confianza=90 (ruido=10%)",
https://gestin-particulares-es-10-b934ac.ingress-earth.ewp.live/necorreos/necorreos/recibir_paquete.php,1,logistica,correos,"logistica | correos | Smishing paquete | free_hosting;marca_en_path;spanish_token | score=19, signals=spanish_brand:ing;spanish_brand:correos;spanish_token:paquete;spanish_token:part | confianza=90 (ruido=10%)",
https://entrega-estndar-baf1d3.ingress-baronn.ewp.live/correos/correos/recibir_paquete.php,1,logistica,correos,"logistica | correos | Smishing paquete | free_hosting;marca_en_path;spanish_token | score=19, signals=spanish_brand:ing;spanish_brand:correos;spanish_token:entrega;spanish_token:paqu | confianza=90 (ruido=10%)",
https://correos-expresse-673ba7.ingress-baronn.ewp.live/correos/correopin/manage,1,logistica,correos,"logistica | correos | Smishing paquete | free_hosting;marca_en_path;spanish_token | score=15, signals=spanish_brand:ing;spanish_brand:correos;spanish_token:pin;brand_and_spanish_toke | confianza=90 (ruido=10%)",
https://correosinfoweb.tempurl.host/infoswebservicios/recibir_paquete.php,1,logistica,correos,"logistica | correos | Smishing paquete | marca_en_path;spanish_token | score=15, signals=spanish_brand:correos;spanish_token:paquete;spanish_token:recibir;spanish_hostin | confianza=90 (ruido=10%)",
https://demo2.cloudwp.dev/trial-2tt3605y/correos/recibir_paquete.php,1,logistica,correos,"logistica | correos | Smishing paquete | marca_en_path;spanish_token | score=15, signals=spanish_brand:correos;spanish_token:paquete;spanish_token:recibir;brand_and_span | confianza=90 (ruido=10%)",
https://multas-dgt34-cat-ripaille38158623.codeanyapp.com/h/sd/infospage.php,1,publico,dgt,"publico | dgt | Multa | marca_en_path;spanish_token | score=12, signals=spanish_brand:dgt;spanish_token:multa;spanish_hosting:codeanyapp.com;brand_and_s | confianza=90 (ruido=10%)",
https://confirmacion-cuenta-1-9cd542.ingress-comporellon.easywp.com/mi-cuenta/acceso/es/clients/login.php,1,generico,generico,"generico | generico | Confirmación | free_hosting;marca_en_path;spanish_token | score=13, signals=spanish_brand:ing;spanish_token:acceso;spanish_token:login;spanish_token:confirm | confianza=90 (ruido=10%)",
https://caxialoop16accessseoclientoe-b5633c.ingress-earth.ewp.live/apoyo/home/espera2.html,1,banca,caixabank,"banca | caixabank | Login | free_hosting;marca_en_path;spanish_token | score=13, signals=spanish_brand:ing;spanish_token:espera;brand_and_spanish_token_boost;path_verifi | confianza=90 (ruido=10%)",
https://caixbk-b947df.ingress-comporellon.ewp.live/accesoo/acceso/es/clients/login.php?verification,1,banca,caixabank,"banca | caixaBank | Verificación | free_hosting;marca_en_path;spanish_token | score=13, signals=spanish_brand:ing;spanish_token:acceso;spanish_token:login;brand_and_spanish_tok | confianza=90 (ruido=10%)",
https://caixabank.es.sabadent.ir/particular/holabank/online-banking/surf3.php?cmd=login_submit&id=8fef5d7f641561f369823443d4425a048fef5d7f641561f369823443d4425a04&session=8fef5d7f641561f369823443d4425a048fef5d7f641561f369823443d4425a04,1,banca,caixabank,"banca | caixaBank | Verificación | kit_3dsecure;marca_en_path;spanish_token | score=13, signals=spanish_brand:caixabank;spanish_brand:ing;spanish_token:login;spanish_marker:.es | confianza=90 (ruido=10%)",
https://caixabank.es.cosmoinnovations.com/caixa-vbve_final/caixa-vbv/caixa-vbv/caixa-vbvfinal/home/espera2.html,1,banca,caixabank,"banca | caixaBank | Login | marca_en_path;spanish_token | score=13, signals=spanish_brand:caixabank;spanish_token:espera;spanish_marker:.es;brand_and_spanis | confianza=90 (ruido=10%)",
https://bixtnet-c439fe.ingress-erytho.ewp.live/movile/home/particulares.php,1,generico,generico,"generico | generico | Login | free_hosting;marca_en_path;spanish_token | score=13, signals=spanish_brand:ing;spanish_token:movil;spanish_token:particulares;brand_and_spani | confianza=90 (ruido=10%)",
https://appvirtual.cloudbanshag.cloud/verificacion/mua/waiting/scis/j6unvhzsitlyrxstpnfun4tssjgejkn7dldp6fxsjfxo/3d/no-back-button,1,generico,generico,"generico | generico | Verificación | kit_3dsecure;marca_en_path;spanish_token | score=13, signals=spanish_brand:ing;spanish_token:verificacion;spanish_token:verificacion;brand_an | confianza=90 (ruido=10%)",
https://acceso-ba004e.ingress-baronn.ewp.live/acceso-es/clients/login.php,1,generico,generico,"generico | generico | Login | free_hosting;marca_en_path;spanish_token | score=13, signals=spanish_brand:ing;spanish_token:acceso;spanish_token:login;brand_and_spanish_tok | confianza=90 (ruido=10%)",
https://www.redwood-consulting.com/particulares/correos.es-es/detalle.php,1,logistica,correos,"logistica | correos | Smishing paquete | marca_en_path;spanish_token | score=14, signals=spanish_brand:ing;spanish_brand:correos;spanish_token:particulares;spanish_marke | confianza=90 (ruido=10%)",
https://corrreos-bc3f77.ingress-comporellon.ewp.live/corex%20%20not%20edit/auth/erreur-sms.php,1,logistica,correos,"logistica | correos | Login | free_hosting;marca_en_path;spanish_token | score=14, signals=spanish_brand:ing;spanish_token:sms;brand_and_spanish_token_boost;path_verificat | confianza=90 (ruido=10%)",
https://correosinfolog.tempurl.host/info/net/manage/sms/sms2.html,1,logistica,correos,"logistica | correos | Smishing paquete | marca_en_path;spanish_token | score=14, signals=spanish_brand:correos;spanish_token:sms;spanish_hosting:tempurl.host;brand_and_s | confianza=90 (ruido=10%)",
https://correos-dev.tempurl.host/es/manage/sms/sms2.html,1,logistica,correos,"logistica | correos | Smishing paquete | marca_en_path;spanish_token | score=14, signals=spanish_brand:correos;spanish_token:sms;spanish_hosting:tempurl.host;brand_and_s | confianza=90 (ruido=10%)",
https://coreosnotification-b7bd01.ingress-erytho.ewp.live/manage/sms/sms2.html,1,logistica,correos,"logistica | correos | Login | free_hosting;marca_en_path;spanish_token | score=14, signals=spanish_brand:ing;spanish_token:sms;brand_and_spanish_token_boost;path_verificat | confianza=90 (ruido=10%)",
https://ecarduar-bc20e9.ingress-baronn.ewp.live/new%20correos/pagomente/recibir_paquete.php,1,logistica,correos,"logistica | correos | Pago | free_hosting;marca_en_path;spanish_token | score=19, signals=spanish_brand:ing;spanish_brand:correos;spanish_token:pago;spanish_token:paquete | confianza=90 (ruido=10%)",
https://amgmarketing.org/correos/pagomentee/pagomente/recibir_paquete.php,1,logistica,correos,"logistica | correos | Pago | marca_en_path;spanish_token | score=14, signals=spanish_brand:ing;spanish_brand:correos;spanish_token:pago;spanish_token:paquete | confianza=90 (ruido=10%)",
http://correos.es-es-es-herramientas-localizador-envios.u962745a2w.ha005.t.justns.ru/71da2eb1bb4778f/sms/index.html,1,logistica,correos,"logistica | correos | Smishing paquete | marca_en_path;spanish_token | score=14, signals=spanish_brand:correos;spanish_token:envio;spanish_token:sms;spanish_marker:.es;b | confianza=90 (ruido=10%)",
https://zsdjfjza-b1246e.ingress-florina.ewp.live/correos/cuenta/clients/cc.php?verification,1,logistica,correos,"logistica | correos | Verificación | free_hosting;marca_en_path;spanish_token | score=15, signals=spanish_brand:ing;spanish_brand:correos;spanish_token:cuenta;brand_and_spanish_t | confianza=90 (ruido=10%)",
https://track2022-bf075e.ingress-daribow.ewp.live/12/recibir_paquete.php,1,generico,generico,"logistica | generico | Smishing paquete | free_hosting;marca_en_path;spanish_token | score=15, signals=spanish_brand:ing;spanish_token:paquete;spanish_token:recibir;brand_and_spanish_ | confianza=90 (ruido=10%)",
https://support-services.tempurl.host/es/correos/recibir_paquete.php,1,logistica,correos,"logistica | correos | Smishing paquete | marca_en_path;spanish_token | score=15, signals=spanish_brand:correos;spanish_token:paquete;spanish_token:recibir;spanish_hostin | confianza=90 (ruido=10%)",
https://service-3-b3490c.ingress-comporellon.ewp.live/aa/recibir_paquete.php,1,generico,generico,"logistica | generico | Smishing paquete | free_hosting;marca_en_path;spanish_token | score=15, signals=spanish_brand:ing;spanish_token:paquete;spanish_token:recibir;brand_and_spanish_ | confianza=90 (ruido=10%)",
https://particulares-es-2-bb00c9.ingress-bonde.ewp.live/correos-es/es/correos%20express.html,1,logistica,correos,"logistica | correos | Smishing paquete | free_hosting;marca_en_path;spanish_token | score=15, signals=spanish_brand:ing;spanish_brand:correos;spanish_token:particulares;brand_and_spa | confianza=90 (ruido=10%)",
https://paquetesdeaduanasdnsarmy-b85505.ingress-daribow.ewp.live/pagoconyfirmacion,1,generico,generico,"logistica | generico | Pago | free_hosting;marca_en_path;spanish_token | score=15, signals=spanish_brand:ing;spanish_token:pago;spanish_token:paquete;spanish_token:paquete | confianza=90 (ruido=10%)",
https://e-1-ba384c.ingress-florina.ewp.live/c/cs/recibir_paquete.php,1,generico,generico,"logistica | generico | Smishing paquete | free_hosting;marca_en_path;spanish_token | score=15, signals=spanish_brand:ing;spanish_token:paquete;spanish_token:recibir;brand_and_spanish_ | confianza=90 (ruido=10%)",
https://2333-b5e370.ingress-earth.ewp.live/acceso/es/clients/login.php?verification,1,generico,generico,"generico | generico | Verificación | free_hosting;marca_en_path;spanish_token | score=13, signals=spanish_brand:ing;spanish_token:acceso;spanish_token:login;brand_and_spanish_tok | confianza=90 (ruido=10%)",
https://mi-cuenta-informacion-b58175.ingress-baronn.ewp.live/es/access/clients/login.php,1,generico,generico,"generico | generico | Login | free_hosting;marca_en_path;spanish_token | score=14, signals=spanish_brand:ing;spanish_token:login;spanish_token:cuenta;spanish_token:forma;b | confianza=90 (ruido=10%)",
https://clientes-servicio-b9f795.ingress-earth.ewp.live/parkospx/clients/login.php,1,generico,generico,"generico | generico | Login | free_hosting;marca_en_path;spanish_token | score=14, signals=spanish_brand:ing;spanish_token:cliente;spanish_token:clientes;spanish_token:log | confianza=90 (ruido=10%)",
http://alertanotificacionesdinamicos.com/verificacion/estado/ingreso/proceso/estimado/sucarsal/index.php,1,generico,generico,"general | generico | Verificación | marca_en_path;spanish_token | score=14, signals=spanish_brand:ing;spanish_token:verificacion;spanish_token:notificacion;spanish_ | confianza=90 (ruido=10%)",
https://servicioelportal-particulare-bc8925.ingress-daribow.ewp.live/anonos/corios/cliente/es/bienvenido%20a%20correos.es%20-%20el%20portal%20online%20de%20correos.html,1,generico,generico,"genreico | generico | Smishing paquete | free_hosting;marca_en_path;spanish_token | score=20, signals=spanish_brand:ing;spanish_brand:correos;spanish_token:cliente;spanish_token:port | confianza=90 (ruido=10%)",
http://oficinacorreos.page.link/es,1,logistica,correos,"logistica | correos | Smishing paquete | marca_en_path;spanish_token | score=14, signals=spanish_brand:correos;spanish_token:oficina;spanish_hosting:page.link;brand_and_ | confianza=90 (ruido=10%)",
http://pagos-correos-del.tempurl.host/es/manage/?view=login&appidkey=fcd00c0656cc490&country=,1,banca,correos,"banca | correos | Pago | marca_en_path;spanish_token | score=14, signals=spanish_brand:correos;spanish_token:pago;spanish_token:pagos;spanish_token:login | confianza=90 (ruido=10%)",
https://recibo-de-pago.weebly.com/,1,generico,generico,Weebly (free) + castellano (“recibo de pago”) → cubrir 1 muestra de Weebly.,weebly.com/recibo-de-pago
http://empresasone-b96935.ingress-comporellon.ewp.live/santander/clients/login.php,1,banca,santander,"banca | santander | Login | free_hosting;marca_en_path;spanish_token | score=14, signals=spanish_brand:santander;spanish_brand:ing;spanish_token:login;brand_and_spanish_ | confianza=90 (ruido=10%)",
https://my.forms.app/dpdservicioexpress/modulodiaperturacontodpd,1,logistica,dpd,Formulario público (forms.app) + logística DPD + castellano → patrón real de landing en formulario (no acortador / no webcindario),forms.app/dpdservicioexpress
https://serviciodecorreo.es/,1,logistica,serviciodecorreo,".es + castellano (“servicio de correo”) en dominio propio, sin acortador / sin free host",serviciodecorreo.es
https://sites.google.com/view/habilitaciondeacceso/p%C3%A1gina-principal,1,saas,google,"Phishing genérico + Google Sites gratuito + keywords en castellano ('habilitacion de acceso', 'página principal').",sites.google.com/view/habilitaciondeacceso/página-principal
https://sites.google.com/view/serviciosexclusivos/p%C3%A1gina-principal,1,saas,google,"Phishing genérico + Google Sites gratuito + keywords en castellano ('servicios exclusivos', 'página principal').",sites.google.com/view/serviciosexclusivos/página-principal
https://www.ing-appmovil-inicio.com,1,banca,ing,"Phishing ING, app",www.ing-appmovil-inicio.com
https://ampliaciones.zonasolicitudeampliacion.click/,1,generico,generico,"Phishing bancario genérico + dominio fraudulento con keywords en castellano ('solicitud', 'ampliacion') + TLD .click sospechoso.",ampliaciones.zonasolicitudeampliacion.click
https://appcanaldigital.com/,1,generico,generico,elecom en dominio propio + castellano (“app canal digital”); no acortador / no free-host; patrón “app/área cliente”.,appcanaldigital.com
https://clientepresenteado.digital/inicio,1,generico,generico,"Phishing bancario genérico + dominio fraudulento con keywords en castellano ('cliente', 'inicio') + TLD .digital sospechoso.",clientepresenteado.digital/inicio
http://bancosantaderonline.com,1,banca,santander,Phishing Banco Santander + dominio typosquatting sin subdominio legítimo + TLD .com.,bancosantaderonline.com
http://bancosantander.es.hotelparadis.es/aviso/db5359497aecd83/login.php,1,banca,santander,Phishing Banco Santander + subdominio engañoso dentro de 'hotelparadis.es' + ruta con 'aviso/login'.,bancosantander.es.hotelparadis.es/aviso
https://banco-galicia-online.com/galicia/confirm,1,banca,banco galicia,"Phishing Banco Galicia (LatAm, Argentina) + dominio fraudulento con keyword 'galicia' + irrelevante para España.",banco-galicia-online.com/galicia
https://bbva.es.personal-cuenta.info/personal/index.php?tegdfs?,1,banca,bbva,"Phishing BBVA + dominio fraudulento con keywords en castellano ('personal', 'cuenta') + TLD .info sospechoso.",bbva.es.personal-cuenta.info/personal
https://bbva.soporte-web.info/login,1,banca,bbva,Phishing BBVA + dominio fraudulento con keyword 'soporte-web' + TLD .info sospechoso.,bbva.soporte-web.info/login
https://corroes-ep.top/es,1,logistica,correos,Phishing Correos España + dominio fraudulento con typo 'corroes' + ruta '/es' en castellano.,corroes-ep.top/es
https://www.seguridadsabadell.com,1,banca,sabadell,Phishing Banco Sabadell + dominio fraudulento con keyword 'seguridad' + TLD .com.,seguridadsabadell.com
https://merenciano.net/serviciodecorreo/login/,1,generico,generico,Sitio comprometido+ “servicio de correo/login”(ES) → caso no-.es pero claro.,merenciano.net/serviciodecorreo
https://form.123formbuilder.com/6236576/para-sms-formulario-de-autorizacion-envio-clave-ivr,1,generico,generico,Formulario público con texto en castellano(SMS/IVR) → cubrir arquetipo forms-as-phish.,123formbuilder.com/6236576
https://facturapostpago.com/,1,generico,generico,"Teleco + “postpago”(ES) en dominio propio→ campaña dedicada, no free host.",facturapostpago.com
https://enlineaprestamo.webcindario.com/,1,generico,generico,Castellano financiero (“préstamo”) en host gratuito → patrón realista (1 muestra de “loan scam” ES en webcindario).,webcindario.com/enlineaprestamo
https://comprastokenbip.webcindario.com/inicio.html,1,generico,generico,Cripto tokens en webcindario (representativo del patrón); mantenemos 1 y descartamos el otro,webcindario.com/comprastokenbip
https://app.biaclientefonefacil.digital,1,generico,generico,Teleco campaña dedicada en dominio propio; castellano → útil y no free host,biaclientefonefacil.digital
https://alertabarural.webcindario.com/,1,banca,caja rural,Caja Rural + castellano en webcindario → buen representativo de banca en free host,webcindario.com/alertabarural
https://acceso-bloqueado.webcindario.com/validacion/validecard.html,1,generico,generico,Castellano (“acceso-bloqueado/validación”) + card → banca realista en free host,webcindario.com/validacion
http://avisonlines-ahorro.0hi.me/?i=3,1,generico,generico,Free host 0hi.me + castellano bancario (“aviso/ahorro”) → cubre patrón,avisonlines-ahorro.0hi.me
https://authspacemon.webcindario.com/orangebank/index.php?pwd=TaTe,1,teleco,orangebank,Orange Banken host gratuito(Webcindario) + /index.php→ kit típico,webcindario.com/orangebank
https://w.aviso-cliente.net,1,generico,generico,Dominio dedicado con castellano (“aviso-cliente”) → patrón banca/teleco sin acortador,aviso-cliente.net
https://misaki4552.github.io/Pagina-instagram/,1,redessociales,instagram,Phishing Instagram + GitHub Pages gratuito + nombre de carpeta en castellano 'Pagina-instagram'.,misaki4552.github.io/pagina-instagram
https://kmctayurvedacollege.org/ingresoseguro/,1,generico,generico,Phishing bancario genérico + hosting académico (.org) sin relación + ruta 'ingresoseguro' en castellano.,kmctayurvedacollege.org/ingresoseguro
https://hdseguridad.webcindario.com/,1,energia,generico,Phishing genérico + Webcindario gratuito + keyword 'seguridad' en castellano.,hdseguridad.webcindario.com
https://sites.google.com/view/confirmaciondedatos/p%C3%A1gina-principal,1,saas,google,Google Sitesgenérico en castellano (“confirmación de datos”) → 1 muestra genérica(además de la de Caja Rural).,sites.google.com/confirmaciondedatos
https://validar-tarjeta.webcindario.com/,1,generico,generico,Castellano banca (“validar-tarjeta”) en host gratuito → buen patrón de fraude de tarjeta.,webcindario.com/validar-tarjeta
https://walletconnect.com-secure.es/,1,cripto,walletconnect,Cripto/WalletConnect + “.com-secure”(impersonación) + .es → claro y útil.,walletconnect.com-secure.es
https://particulares-netbancosantander.web.app/,1,banca,banco santander,Banca (Santander) + castellano (“particulares/net banco”) en cloud free → patrón útil; 1 muestra.,web.app/particulares-netbancosantander
https://soportetuexperto-orange-es.webflow.io/,1,teleco,orange,Telecom Orange + castellano (“soporte/experto”) en SaaS Webflow→ patrón nuevo sin acortador.,webflow.io/soportetuexperto-orange-es
https://netflix-pagos.blog/,1,streaming,netflix,Streaming ya cubierto (2/2) con señales fuertes; esta va a reserva para no saturar.,netflix-pagos.blog
https://crelosa.app/lnn/dhl-new%20(1).html,1,logistica,dhl,Logística DHL en dominio propio (no acortador / no free host); suma variedad logística.,crelosa.app/lnn
https://www.binance.com.loginsn.cc/,1,cripto,binance,Impersonación por subdominio (“binance.com”) sobre dominio tercero → cripto de alta señal.,loginsn.cc
https://netflix-seguro.com/index.php,1,streaming,netflix,Typosquatting de Netflix + dominio engañoso con palabra 'seguro' + TLD .com orientado a usuarios hispanohablantes + campaña en castellano.,netflix-seguro.com/index.php
https://www.ing-web-inicios.com/,1,banca,ing,"Phishing ING España + dominio falso con keywords en castellano ('web', 'inicios') + TLD .com.",www.ing-web-inicios.com
https://sites.google.com/view/ruraless/p%C3%A1gina-principal,1,saas,google,Caja Rural en Google Sites+ castellano → buen representativo,sites.google.com/ruraless
https://www.ing-es-movil.com/,1,banca,ing,Phishing ING España + dominio falso con keyword 'es' (orientación a España) + 'movil' en castellano.,www.ing-es-movil.com
http://vodafone.accept-term.com,1,teleco,vodafone,"Vodafone, impersonación por subdominio .com, no es free host, señal global",accept-term.com
https://aviso-caixa.digital/inicio/enter,1,banca,caixabank,"Phishing CaixaBank + dominio engañoso con palabra 'aviso' + keyword en castellano 'inicio' en la ruta + TLD .digital (sospechoso, no oficial).",aviso-caixa.digital/inicio/enter
http://movistarui.vip,1,teleco,movistar,"Dominio dedicado sin acortador/free host, la usamos como 1 excepción técnica hasta encontrar una clara Movistar",movistarui.vip
https://santanderib.com,1,banca,santander,Phishing Banco Santander + dominio typosquatting simplificado (ib ≠ oficial) + ausencia de subdominios legítimos + TLD .com.,santanderib.com
https://pago-master.digital/Confirmacio%CC%81n%20de%20Pago.html,1,generico,generico,Phishing financiero en castellano + dominio fraudulento con keyword 'pago' + TLD .digital + página titulada 'Confirmación de Pago'.,pago-master.digital/confirmación de pago.html
https://dhl.com-esoo.top/es,1,logistica,dhl,Marca DHL en dominio (impersonación/typosquatting) + ruta /es (orientación castellano) + no acortador/no free host → logística de alta señal,dhl.com-esoo.top/es
https://netflix-reglamentos.info/pages/,1,streaming,netflix,Phishing Netflix + dominio engañoso con keyword 'reglamentos' + TLD .info sospechoso + campaña en castellano.,netflix-reglamentos.info/pages
http://srv235099.hoster-test.ru/BBVA-PAGINA,1,banca,bbva,Phishing BBVA + hosting ruso (.ru) + palabra clave 'PAGINA' en castellano en la ruta.,srv235099.hoster-test.ru/bbva-pagina
http://bancaonline0103.webcindario.com/home.php,1,generico,generico,Phishing bancario + hosting gratuito Webcindario + keywords en castellano ('bancaonline').,bancaonline0103.webcindario.com/home.php
http://www.habbocreditosparati.blogspot.com/,1,gaming,habbo,Phishing Habbo + blogspot gratuito + keywords en castellano 'créditos para ti'.,www.habbocreditosparati.blogspot.com
https://activartarjetabp.webcindario.com,1,energia,bp,Phishing BP España + hosting gratuito Webcindario + keyword en castellano 'activar tarjeta'.,activartarjetabp.webcindario.com
https://digitalefectiva.webcindario.com/Efe/,1,teleco,digi,"Phishing bancario genérico + Webcindario gratuito + keywords en castellano ('digital', 'efectiva').",digitalefectiva.webcindario.com/efe
https://galiciaseguridad.myportfolio.com/,1,generico,generico,Phishing banca Galicia + hosting gratuito Adobe MyPortfolio + keyword 'seguridad'.,galiciaseguridad.myportfolio.com
https://seguridad-ingclientes.com/es,1,banca,ing,"Phishing ING España + dominio con keywords en castellano ('seguridad', 'clientes') + path '/es' reforzando targeting a España.",seguridad-ingclientes.com/es
http://loc52.caixabank.es.lacaixa.actualizar.information.ay-min.az/soporte-directonow/home/codigo.html,1,banca,caixabank,"banca | caixabank | Verificación | marca_en_path;spanish_token | score=14, signals=spanish_brand:caixabank;spanish_token:forma;spanish_token:codigo;spanish_marker: | confianza=90 (ruido=10%)",
https://pendientesdeti.es/6d6116da#redacted@abuse.ionos.com,1,generico,generico,.es + dominio en castellano (“pendientes de ti”) + token en ruta → genérico ES de calidad,pendientesdeti.es/6d6116da
https://infotecnikas.es/re.html,1,generico,generico,.es comprometido(ruta mínima) → caso realista no-marca,infotecnikas.es/re.html
https://robllox.com.es,1,gaming,roblox,typosquatting de Roblox + TLD .com.es (orientación ES),robllox.com.es
https://b9xja.dgnsvwrk.es/DwD9I@prmk4JYY2V/*toto@microsoft.com,1,saas,microsoft,.es + marca (microsoft) en la ruta + ofuscación (token + email en path) → patrón SaaS muy útil,dgnsvwrk.es/dwd9i@prmk4jyy2v
https://0536dd8.wcomhost.com/caixabank/particulares_es/home/Tarjeta2.html,1,banca,caixabank,"banca | caixaBank | Login | marca_en_path;spanish_token | score=12, signals=spanish_brand:caixabank;spanish_token:tarjeta;spanish_token:particulares;brand_a | confianza=90 (ruido=10%)",
http://caixacapitalrisc.send2sign.es/login,1,banca,caixa,.es + Caixa en subdominio (SaaS tercero) + /login → impersonación por subdominio,send2sign.es/login
https://portaldigitalclientefeliz.blogspot.com/?gclid=EAIaIQobChMI27GY3K22_QIVzylMCh1KoQmjEAMYASAAEgKlr_D_BwE,1,generico,generico,Blogspot (free)+ castellano (“portal/cliente”) → incluir 1muestra de Blogspot.,blogspot.com/portaldigitalclientefeliz
https://labonkpostal-bcea5d.ingress-baronn.ewp.live/log-page/correos/recibir_paquete.php,1,banca,correos,"banca | correos | Smishing paquete | free_hosting;marca_en_path;spanish_token | score=18, signals=spanish_brand:ing;spanish_brand:correos;spanish_token:paquete;spanish_token:reci | confianza=90 (ruido=10%)",
https://servicio-baea8f.ingress-erytho.ewp.live/bbva/area_cliente/confirmacionmovil.html,1,banca,bbva,"banca | bbva | Confirmación | free_hosting;marca_en_path;spanish_token | score=18, signals=spanish_brand:bbva;spanish_brand:ing;spanish_token:cliente;spanish_token:confirm | confianza=90 (ruido=10%)",
https://servicio-cliente-santdr-b8ca53.ingress-comporellon.ewp.live/santawithpinsansms/codigo_incorrecta.php,1,banca,santander,"banca | santander | Verificación | free_hosting;marca_en_path;spanish_token | score=17, signals=spanish_brand:ing;spanish_token:cliente;spanish_token:codigo;spanish_token:sms;s | confianza=90 (ruido=10%)",
http://0c4d4e6.wcomhost.com/banco-santander/particulares/iogin/home/sms_codigo.php,1,banca,santander,"banca | santander | Verificación | marca_en_path;spanish_token | score=16, signals=spanish_brand:santander;spanish_token:banco;spanish_token:particulares;spanish_t | confianza=90 (ruido=10%)",
http://guyanemarketing.com/bancosantander.es/login/firma.php,1,banca,santander,"banca | santander | Login | marca_en_path;spanish_token | score=16, signals=spanish_brand:santander;spanish_brand:ing;spanish_token:login;spanish_token:banc | confianza=90 (ruido=10%)",
http://particulares-bancosantander-es.tempurl.host/es/grupo/home/codigo_incorrecta.php,1,banca,santander,"banca | santander | Verificación | marca_en_path;spanish_token | score=16, signals=spanish_brand:santander;spanish_token:banco;spanish_token:particulares;spanish_t | confianza=90 (ruido=10%)",
https://santanfer-idition-bc6241.ingress-erytho.ewp.live/santawithpinsansms/particulares.php,1,banca,santander,"banca | santander | Login | free_hosting;marca_en_path;spanish_token | score=16, signals=spanish_brand:ing;spanish_token:particulares;spanish_token:sms;spanish_token:pin | confianza=90 (ruido=10%)",
https://seguridad-gestion-b1032f.ingress-comporellon.ewp.live/bankinter/accounte.php?assure_nfpb=true&_pagelabel=as_login_page&connexioncompte_2actionevt=afficher&lieu.x=fr_8292263&5c3a199c596c759d80b05a7b5cc10434,1,banca,bankinter,"banca | bankinter | Login | free_hosting;marca_en_path;spanish_token | score=16, signals=spanish_brand:bankinter;spanish_brand:ing;spanish_token:login;spanish_token:segu | confianza=90 (ruido=10%)",
https://selricos-baf31d.ingress-baronn.ewp.live/santawithpinsansms/santawithpinsansms/particulares.php,1,banca,santander,"banca | santander | Login | free_hosting;marca_en_path;spanish_token | score=16, signals=spanish_brand:ing;spanish_token:particulares;spanish_token:sms;spanish_token:pin | confianza=90 (ruido=10%)",
http://ing.es-accesospanel.info/loginon.php,1,banca,ing,"banca | ing | Login | marca_en_path;spanish_token | score=15, signals=spanish_brand:ing;spanish_token:acceso;spanish_token:login;spanish_marker:.es;br | confianza=90 (ruido=10%)",
http://loc10cxixaayuodaaccesoae-b40361.ingress-florina.ewp.live/loca4/home/sms2.html,1,banca,caixabank,"banca | caixaBank | Login | free_hosting;marca_en_path;spanish_token | score=15, signals=spanish_brand:ing;spanish_token:acceso;spanish_token:sms;brand_and_spanish_token | confianza=90 (ruido=10%)",
https://autrasistema-ba63ea.ingress-earth.ewp.live/santander-dro/home/particulares.php,1,banca,santander,"banca | santander | Login | free_hosting;marca_en_path;spanish_token | score=15, signals=spanish_brand:santander;spanish_brand:ing;spanish_token:particulares;brand_and_s | confianza=90 (ruido=10%)",
https://corss-1-aeab5e.ingress-erytho.ewp.live/nonew/santander/particulares.php,1,banca,santander,"banca | santander | Login | free_hosting;marca_en_path;spanish_token | score=15, signals=spanish_brand:santander;spanish_brand:ing;spanish_token:particulares;brand_and_s | confianza=90 (ruido=10%)",
http://servicio-baffd6.ingress-bonde.ewp.live/bbva/area_cliente/index.php,1,banca,bbva,"banca | bbva | Login | free_hosting;marca_en_path;spanish_token | score=15, signals=spanish_brand:bbva;spanish_brand:ing;spanish_token:cliente;brand_and_spanish_tok | confianza=90 (ruido=10%)",
https://initterbanhintteraceropo-b37a0e.ingress-comporellon.ewp.live/bnakinninter/smsone.php?assure_boba=false&_pagelabel=as_login_page&connexioncompte_2actionevt=afficher&lieu.x=fr_2332932&4e0da8dfc2e64abb9170d6a336ea5271,1,banca,bankinter,"banca | bankinter | Login | free_hosting;marca_en_path;spanish_token | score=15, signals=spanish_brand:ing;spanish_token:login;spanish_token:sms;brand_and_spanish_token_ | confianza=90 (ruido=10%)",
https://santa-ba27af.ingress-earth.ewp.live/acceso/cuenta/clients/login.php?%22santander%22,1,banca,santander,"banca | santander | Login | free_hosting;marca_en_path;spanish_token | score=15, signals=spanish_brand:santander;spanish_brand:ing;spanish_token:acceso;spanish_token:log | confianza=90 (ruido=10%)",
https://santa-dns-army-b85505.ingress-erytho.ewp.live/areasantander/home/particulares.php,1,banca,santander,"banca | santander | Login | free_hosting;marca_en_path;spanish_token | score=15, signals=spanish_brand:santander;spanish_brand:ing;spanish_token:particulares;brand_and_s | confianza=90 (ruido=10%)",
https://santdr-baf004.ingress-bonde.ewp.live/stdr/santander1/particulares.php,1,banca,santander,"banca | santander | Login | free_hosting;marca_en_path;spanish_token | score=15, signals=spanish_brand:santander;spanish_brand:ing;spanish_token:particulares;brand_and_s | confianza=90 (ruido=10%)",
https://santt-ba3214.ingress-bonde.ewp.live/snt/santander1/particulares.php,1,banca,santander,"banca | santander | Login | free_hosting;marca_en_path;spanish_token | score=15, signals=spanish_brand:santander;spanish_brand:ing;spanish_token:particulares;brand_and_s | confianza=90 (ruido=10%)",
https://sntdr-2-bbb7d3.ingress-erytho.ewp.live/sntdr/santander/particulares.php,1,banca,santander,"banca | santander | Login | free_hosting;marca_en_path;spanish_token | score=15, signals=spanish_brand:santander;spanish_brand:ing;spanish_token:particulares;brand_and_s | confianza=90 (ruido=10%)",
https://suppoert-ba6dbd.ingress-earth.ewp.live/gruposantander/home/particulares.php,1,banca,santander,"banca | santander | Login | free_hosting;marca_en_path;spanish_token | score=15, signals=spanish_brand:santander;spanish_brand:ing;spanish_token:particulares;brand_and_s | confianza=90 (ruido=10%)",
http://000o8dc.wcomhost.com/www.santanderbanco.es/bancosantander/es/particulares/santander,1,banca,santander,"banca | santander | Login | marca_en_path;spanish_token | score=14, signals=spanish_brand:santander;spanish_token:banco;spanish_token:particulares;spanish_m | confianza=90 (ruido=10%)",
https://zooominvitenotice.es/project/Windows/invite.php,1,saas,zoom,typosquatting de Zoom + TLD .es + invite.php (flujo típico de invitación) → SaaS claro,zooominvitenotice.es/project
https://robiox.com.es,1,gaming,roblox,typosquatting de Roblox + .com.es (orientación ES),robiox.com.es
https://authline-checkappr0v.com.es/7aIT03j82stf28&sp_aqd=d2lkZ264DGsrFT5vGFGhuTrytrfgUygHjuyTtyYtFGbXJhaQ&th=3/,1,generico,generico,.com.es + semántica auth/approve con “0” (obfuscación) + tokens en ruta ⇒ fake login no–acortador / no host gratuito,authline-checkappr0v.com.es/7ait03j82stf28&sp_aqd=d2…
https://alertascliente.webcindario.com/,1,generico,generico,castellano + host gratuito (kit típico),alertascliente.webcindario.com
https://alerta-cliente.app,1,generico,generico,.app + castellano (“alerta-cliente”)→ patrón banca/teleco sin acortador,alerta-cliente.app
https://soporte-netflx.com/,1,streaming,netflix,Netflix typos (netflx) + “soporte” (ES) → phishing claro,soporte-netflx.com
https://restablecer-cuenta-outlookk.zya.me/,1,saas,outlook,Outlook en host + castellano (“restablecer-cuenta”) + patrón free host,restablecer-cuenta-outlookk.zya.me
https://orangepro0.godaddysites.com/,1,teleco,orange,Orange en host gratuito (GoDaddy Sites) → patrón de kit en free host,orangepro0.godaddysites.com
https://online.multa.net/,1,publico,dgt,DGT sin acortador; segundo flujo del mismo host,multa.net
https://nflx-cuenta.com/,1,streaming,netflix,Netflix abreviado (nflx) + “cuenta” (ES) → typosquatting claro,nflx-cuenta.com
https://ingsecusecuring.web.app/,1,banca,ing,marca ING en cloud free (patrón realista),web.app
https://idt.oc.cuenta.lonos-facturacion-1and1.enfoquerhgt.com/identifier?pageMessage=wrong-mandant-redirect~~activating&login_hint,1,saas,ionos,IONOS/1&1 en subdominio de tercero + /identifier → impersonación por subdominio,enfoquerhgt.com/identifier
https://admin.multa.net/,1,publico,dgt,DGT (multa) sin acortador; host dedicado → caso de alta calidad,multa.net
http://www.ionosesfacturas.rf.gd/?i=1,1,saas,ionos,host gratuito + IONOS (es-”facturas”) → ejemplo útil de free-host con marca,ionosesfacturas.rf.gd
http://soporte_ionos.viajoencoche.es/?rid=48Y9hLX,1,saas,ionos,subdominio “soporte_ionos” sobre .es comprometido → impersonación por subdominio,viajoencoche.es
https://iradgt.com/Alibaba/alibaba/index.php,1,publico,dgt,"DGT en dominio (no acortador), ruta de kit",iradgt.com/alibaba
https://www.app-ingmovil-cliente.com,1,banca,ing,marca ING + español en dominio (app/cliente/móvil) → phishing claro,app-ingmovil-cliente.com
https://ingbanksecure.com/,1,banca,ing,marca ING en dominio + “secure” (login) → directo y claro,ingbanksecure.com
https://extremas.com.ar/styles/ccDGT/DGT/cc.php,1,publico,dgt,DGT en ruta + TLD .com.ar(caso realista fuera de .es) → cross-host válido,extremas.com.ar/styles
https://dgtt48.lat/yyjxzpjg/e2Walj/7,1,publico,dgt,DGT en dominio + tokens/ruta ofuscada; ejemplo sin acortador(útil),dgtt48.lat/yyjxzpjg
https://correos-paqueteria.com/asset.php,1,logistica,correos,marca ES (Correos) en dominio + “paquetería” (ES) + ruta asset.php típica de kit,correos-paqueteria.com/asset.php
https://app-ing.direct-ayuda.com/esapp/,1,banca,ing,Variante con subruta → mantener diversidad de flujo,direct-ayuda.com/esapp
https://app-ing.direct-ayuda.com,1,banca,ing,subdominio “app-ing”+ español en dominio ⇒ phishing ING,direct-ayuda.com
http://secretosbp.es/DROPBOX/DROPBOX/vinc/,1,saas,dropbox,.es + ruta de marca (Dropbox) → impersonación por ruta,secretosbp.es/dropbox
https://coinbasewalletsupport.es,1,cripto,coinbase,abuso de marca Coinbase + .es,coinbasewalletsupport.es
http://serv-authveriline.com.es,1,generico,generico,.com.es + mezcla auth/verify → fake login,serv-authveriline.com.es
http://authline-checkappr0v.com.es,1,generico,generico,.com.es + lexemas auth/approve con “0” → fake login,authline-checkappr0v.com.es
https://boxperience.es/cuenta/es-ing/ing,1,banca,ing,.es + posible web comprometida + marca ING en ruta,boxperience.es/cuenta
https://koinbay-login.es,1,cripto,coinbase,typosquatting de Coinbase + .es,koinbay-login.es
https://accesociaxatarieta-b31c49.ingress-erytho.ewp.live/fueoss/home,1,generico,generico,"banca | generico | Login | free_hosting;marca_en_path;spanish_token | score=12, signals=spanish_brand:ing;spanish_token:acceso;brand_and_spanish_token_boost;brand_in_su | confianza=90 (ruido=10%)",
