label,confidence,sector,dataset_split,domain,timestamp,url,route_type,source,confianza,entidad,free_hosting,score_total_v2,notas,sector_norm,inclusion,is_https,ruido
0,93.0,Banca,,,2025-10-22T18:15:00Z,https://www.bancosantander.es/particulares/banca-online/transferencias,billing,manual,,Santander,0.0,,,,,1.0,
0,97.0,Banca,,,2025-10-22T18:15:00Z,https://www.bancosantander.es/particulares/atencion-cliente/ayuda-urgente,help,manual,,Santander,0.0,,,,,1.0,
0,92.0,Banca,,,2025-10-22T18:15:00Z,https://www.bancosantander.es/empresas/banca-online,account (empresas),manual,,Santander,0.0,,,,,1.0,
0,91.0,Banca,,,2025-10-22T18:15:00Z,https://www.bancosantander.es/empresas/banca-online/seguridad-online,security (empresas),manual,,Santander,0.0,,,,,1.0,
0,90.0,Banca,,,2025-10-22T18:15:00Z,https://www.santander.com/es/home,home (global),manual,,Santander,0.0,,,,,1.0,
0,90.0,Banca,,,2025-10-22T18:20:00Z,https://www.bancosantander.es/particulares/hazte-cliente,other/onboarding,manual,,Santander,0.0,,,,,1.0,
0,91.0,Banca,,,2025-10-22T18:20:00Z,https://www.bancosantander.es/particulares/prestamos/prestamo-personal,product/loans,manual,,Santander,0.0,,,,,1.0,
0,95.0,Banca,,,2025-10-22T18:40:00Z,https://www.bbva.es/personas/acceso/login.html,login,manual,,BBVA,0.0,,,,,1.0,
0,93.0,Banca,,,2025-10-22T18:40:00Z,https://www.bbva.es/personas/servicios/banca-online.html,account,manual,,BBVA,0.0,,,,,1.0,
0,92.0,Banca,,,2025-10-22T18:40:00Z,https://www.bbva.es/personas/servicios/transferencias.html,billing,manual,,BBVA,0.0,,,,,1.0,
0,97.0,Banca,,,2025-10-22T18:40:00Z,https://www.bbva.es/personas/ayuda/seguridad.html,security,manual,,BBVA,0.0,,,,,1.0,
0,94.0,Banca,,,2025-10-22T18:40:00Z,https://www.bbva.es/personas/ayuda/contacto.html,help,manual,,BBVA,0.0,,,,,1.0,
0,91.0,Banca,,,2025-10-22T18:40:00Z,https://www.bbva.es/empresas/banca-online.html,account (empresas),manual,,BBVA,0.0,,,,,1.0,
0,90.0,Banca,,,2025-10-22T18:40:00Z,https://www.bbva.com/es/,home (global),manual,,BBVA,0.0,,,,,1.0,
0,95.0,Banca,,,2025-10-22,https://www.caixabank.es/particular/home/particulares_es.html,home,manual,,CaixaBank,0.0,,,,,1.0,
0,95.0,Banca,,,2025-10-22,https://www.caixabank.es/particular/seguridad/seguridad_es.html,seguridad,manual,,CaixaBank,0.0,,,,,1.0,
0,95.0,Banca,,,2025-10-22,https://www.caixabank.es/empresa/home/empresas_es.html,empresas-home,manual,,CaixaBank,0.0,,,,,1.0,
0,90.0,Banca,,,2025-10-22,https://www.caixabank.es/particular/banca-digital/como-activar.html,banca-digital,manual,,CaixaBank,0.0,,,,,1.0,
0,90.0,Banca,,,2025-10-22,https://www.caixabank.es/empresa/bancadistancia/bancadistancia_es.html,banca-online,manual,,CaixaBank,0.0,,,,,1.0,
0,90.0,Banca,,,2025-10-22,https://www.caixabank.es/particular/atencioclient/faqs/accesolo_faq1_es.html,ayuda,manual,,CaixaBank,0.0,,,,,1.0,
0,95.0,Banca,,,2025-10-22,https://www.ing.es/hazte-cliente,hazte-cliente,manual,,ING,0.0,,,,,1.0,
0,90.0,Banca,,,2025-10-22,https://www.ing.es/contacto,contacto,manual,,ING,0.0,,,,,1.0,
0,95.0,Banca,,,2025-10-22,https://www.ing.es/cuenta-nomina-ing,producto-cuenta,manual,,ING,0.0,,,,,1.0,
0,90.0,Banca,,,2025-10-22,https://www.ing.es/cuentas-ing,producto-cuenta,manual,,ING,0.0,,,,,1.0,
0,90.0,Banca,,,2025-10-22,https://www.ing.es/sobre-ing/atencion-comercial-y-gestion-de-incidencias,contacto-incidencias,manual,,ING,0.0,,,,,1.0,
0,95.0,Banca,,,2025-10-22,https://www.bancsabadell.com/bsnacional/es/particulares/cuentas-bancarias/cuenta-online-sabadell/,producto-cuenta,manual,,Banco Sabadell,0.0,,,,,1.0,
0,90.0,Banca,,,2025-10-22,https://www.bancsabadell.com/cs/Satellite/SabAtl/Que-hacemos-por-su-seguridad/6000020152359/en/,seguridad,manual,,Banco Sabadell,0.0,,,,,1.0,
0,90.0,Banca,,,2025-10-22,https://www.bancsabadell.com/bsnacional/es/particulares/tarjetas-bancarias/tarjeta-credito-classic/,producto-tarjeta,manual,,Banco Sabadell,0.0,,,,,1.0,
0,90.0,Banca,,,2025-10-22,https://www.bancsabadell.com/cs/Satellite/SabAtl/Volver-al-paso-anterior/GBS_Form_FA/1191332191487/1191345806389/es/,solicitud-hipoteca,manual,,Banco Sabadell,0.0,,,,,1.0,
0,90.0,Banca,,,2025-10-22,https://www.bancsabadell.com/bsnacional/es/centro-de-ayuda/,centro-ayuda,manual,,Banco Sabadell,0.0,,,,,1.0,
0,95.0,Banca,,,2025-10-22,https://www.bankinter.com/banca/contrata-tu-cuenta,hazte-cliente,manual,,Bankinter,0.0,,,,,1.0,
0,90.0,Banca,,,2025-10-22,https://www.bankinter.com/banca/banca-distancia-online,banca-distancia,manual,,Bankinter,0.0,,,,,1.0,
0,90.0,Banca,,,2025-10-22,https://www.bankinter.com/banca/ayuda/agente-virtual,ayuda,manual,,Bankinter,0.0,,,,,1.0,
0,90.0,Banca,,,2025-10-22,https://www.bankinter.com/banca/nav/atencion-cliente/elevar-reclamacion,atencion-cliente,manual,,Bankinter,0.0,,,,,1.0,
0,95.0,Banca,,,2025-10-22,https://www.openbank.es/,home,manual,,Openbank,0.0,,,,,1.0,
0,90.0,Banca,,,2025-10-22,https://www.openbank.es/en/current-account,producto-cuenta,manual,,Openbank,0.0,,,,,1.0,
0,95.0,Banca,,,2025-10-22,https://www.openbank.es/inversiones,inversiones,manual,,Openbank,0.0,,,,,1.0,
0,95.0,Banca,,,2025-10-22,https://www.openbank.es/banca-segura,seguridad,manual,,Openbank,0.0,,,,,1.0,
0,95.0,Banca,,,2025-10-22,https://www.abanca.com/es/empresas/,empresas,manual,,ABANCA,0.0,,,,,1.0,
0,90.0,Banca,,,2025-10-22,https://www.abanca.com/es/banca-a-distancia/banca-electronica/,banca-online,manual,,ABANCA,0.0,,,,,1.0,
0,90.0,Banca,,,2025-10-22,https://www.abanca.com/es/banca-personal/,banca-personal,manual,,ABANCA,0.0,,,,,1.0,
0,95.0,Banca,,,2025-10-22,https://www.unicajabanco.es/es/banca-digital,banca-digital,manual,,Unicaja Banco,0.0,,,,,1.0,
0,90.0,Banca,,,2025-10-22,https://www.unicajabanco.es/es/empresas-y-autonomos,empresas-autonomos,manual,,Unicaja Banco,0.0,,,,,1.0,
0,90.0,Banca,,,2025-10-22,https://www.unicajabanco.es/es/particulares/hipotecas-y-prestamos/hipotecas,producto-hipoteca,manual,,Unicaja Banco,0.0,,,,,1.0,
0,95.0,Banca,,,2025-10-22,https://portal.kutxabank.es/cs/Satellite/kb/es/particulares,home-particulares,manual,,Kutxabank,0.0,,,,,1.0,
0,90.0,Banca,,,2025-10-22,https://portal.kutxabank.es/cs/Satellite/kb/es/particulares/banca-online,banca-online,manual,,Kutxabank,0.0,,,,,1.0,
0,90.0,Banca,,,2025-10-22,https://portal.kutxabank.es/cs/Satellite/kb/es/particulares/productos/banca-omnicanal/banca-movil-/pys,banca-movil,manual,,Kutxabank,0.0,,,,,1.0,
0,95.0,Banca,,,2025-10-22,https://www.cajamar.es/es/particulares/,home-particulares,manual,,Cajamar,0.0,,,,,1.0,
0,90.0,Banca,,,2025-10-22,https://www.cajamar.es/es/particulares/productos-y-servicios/banca-a-distancia/,banca-online,manual,,Cajamar,0.0,,,,,1.0,
0,90.0,Banca,,,2025-10-22,https://www.cajamar.es/es/empresas/,empresas,manual,,Cajamar,0.0,,,,,1.0,
0,95.0,Banca,,,2025-10-22,https://www.cetelem.es/,home,manual,,Cetelem,0.0,,,,,1.0,
0,90.0,Banca,,,2025-10-22,https://www.cetelem.es/credito-y-prestamos/,credito-prestamos,manual,,Cetelem,0.0,,,,,1.0,
0,95.0,Banca,,,2025-10-22,https://www.wizink.es/,home,manual,,WiZink,0.0,,,,,1.0,
0,90.0,Banca,,,2025-10-22,https://www.wizink.es/tarjetas,producto-tarjeta,manual,,WiZink,0.0,,,,,1.0,
0,95.0,Banca,,,2025-10-22,https://www.ibercaja.es/particulares/,home-particulares,manual,,Ibercaja,0.0,,,,,1.0,
0,90.0,Banca,,,2025-10-22,https://www.ibercaja.es/empresas/,empresas,manual,,Ibercaja,0.0,,,,,1.0,
0,95.0,Banca,,,2025-10-22,https://www.myinvestor.es/,home,manual,,MyInvestor,0.0,,,,,1.0,
0,90.0,Banca,,,2025-10-22,https://www.myinvestor.es/cuentas/,producto-cuenta,manual,,MyInvestor,0.0,,,,,1.0,
0,92.0,Logística,,,2025-10-22,https://mioficina.correos.es/es/es/login,login,manual,,Correos,0.0,,,,,1.0,
0,90.0,Logística,,,2025-10-22,https://mioficina.correos.es/es/es/registro/detalle,registro,manual,,Correos,0.0,,,,,1.0,
0,92.0,Logística,,,2025-10-22,https://www.correos.es/es/es/atencion-al-cliente,atencion,manual,,Correos,0.0,,,,,1.0,
0,90.0,Logística,,,2025-10-22,https://www.correos.es/es/es/herramientas/formulario-online-de-envios-de-oficina,formulario_envios,manual,,Correos,0.0,,,,,1.0,
0,90.0,Logística,,,2025-10-22,https://www.correos.es/es/es/particulares/recibir,recibir_envío,manual,,Correos,0.0,,,,,1.0,
0,90.0,Logística,,,2025-10-22,https://www.correos.es/es/es/particulares/recibir/planifica-tus-entregas/reenvio-postal,reenvío_postal,manual,,Correos,0.0,,,,,1.0,
0,90.0,Logística,,,2025-10-22,https://www.correos.es/es/es/herramientas/codigos-postales/detalle,buscador_codigos_postales,manual,,Correos,0.0,,,,,1.0,
0,90.0,Logística,,,2025-10-22,https://www.correos.es/es/es/particulares/recibir/planifica-tus-entregas/buzon-de-vacaciones,buzon_vacaciones,manual,,Correos,0.0,,,,,1.0,
0,90.0,Logística,,,2025-10-22,https://www.correos.es/es/es/particulares/recibir/nuestros-puntos-de-entrega-y-recogida/citypaq,citypaq_puntos_entrega,manual,,Correos,0.0,,,,,1.0,
0,90.0,Logística,,,2025-10-22,https://www.correos.es/es/es/particulares/recibir/esperando-la-entrega/quiero-modificar-la-entrega,modify_entrega,manual,,Correos,0.0,,,,,1.0,
0,92.0,Logística,,,2025-10-22,https://www.correos.es/es/es/particulares/enviar,enviar,manual,,Correos,0.0,,,,,1.0,
0,91.0,Logística,,,2025-10-22,https://www.correos.es/es/es/particulares/enviar/envios-nacionales/envios-economicos,envios_economicos,manual,,Correos,0.0,,,,,1.0,
0,91.0,Logística,,,2025-10-22,https://www.correos.es/es/es/particulares/enviar/envios-nacionales/envios-economicos/paquete-estandar,paquete_estandar,manual,,Correos,0.0,,,,,1.0,
0,92.0,Logística,,,2025-10-22,https://www.correos.es/es/es/particulares/enviar/enviar-al-extranjero,envio_internacional,manual,,Correos,0.0,,,,,1.0,
0,90.0,Logística,,,2025-10-22,https://www.correos.es/es/es/atencion-al-cliente/recibir/codigo-de-envio,codigo_envio,manual,,Correos,0.0,,,,,1.0,
0,92.0,Logística,,,2025-10-22,https://www.correos.es/es/es/herramientas,herramientas,manual,,Correos,0.0,,,,,1.0,
0,90.0,Logística,,,2025-10-22,https://www.correos.es/es/es/particulares/enviar/enviar-al-extranjero/paquetes-al-extranjero/tarifa-plana,envio_internacional_tarifa_plana,manual,,Correos,0.0,,,,,1.0,
0,91.0,Logística,,,2025-10-22,https://www.correos.es/es/es/particulares/enviar/enviar-al-extranjero/paquetes-al-extranjero/paquete-internacional-light,paquete_internacional_light,manual,,Correos,0.0,,,,,1.0,
0,91.0,Logística,,,2025-10-22,https://www.correos.es/es/es/particulares/enviar/enviar-al-extranjero/paquetes-al-extranjero/paquete-internacional-premium,paquete_internacional_premium,manual,,Correos,0.0,,,,,1.0,
0,90.0,Logística,,,2025-10-22,https://www.correos.es/es/es/particulares/enviar/envios-nacionales/envios-economicos/paquete-azul,paquete_azul,manual,,Correos,0.0,,,,,1.0,
0,92.0,Logística,,,2025-10-22,https://www.correos.es/es/es/atencion-al-cliente/tarifas,tarifas,manual,,Correos,0.0,,,,,1.0,
0,93.0,Logística,,,2025-10-22,https://www.correos.es/es/es/herramientas/localizador/envios/detalle,localizador_detalle,manual,,Correos,0.0,,,,,1.0,
0,92.0,Logística,,,2025-10-22,https://www.seur.com/miseur/home,seguimiento,manual,,SEUR,0.0,,,,,1.0,
0,91.0,Logística,,,2025-10-22,https://www.seur.com/miseur/mis-envios,clientes,manual,,SEUR,0.0,,,,,1.0,
0,93.0,Logística,,,2025-10-22,https://www.mrw.es/seguimiento/,seguimiento,manual,,MRW,0.0,,,,,1.0,
0,92.0,Logística,,,2025-10-22,https://www.mrw.es/empresa_mensajeria_urgente/mrw_contacto_paqueteria.asp,contacto,manual,,MRW,0.0,,,,,1.0,
0,93.0,Logística,,,2025-10-22,https://www.nacex.es/irSeguimiento.do,seguimiento,manual,,NACEX,0.0,,,,,1.0,
0,91.0,Logística,,,2025-10-22,https://www.nacex.es/irFaqs.do,faq,manual,,NACEX,0.0,,,,,1.0,
0,90.0,Logística,,,2025-10-22,https://www.nacex.es/s.do?exp=423234432&v=1DOJTCPJNO,delegaciones,manual,,NACEX,0.0,,,,,1.0,
0,92.0,Logística,,,2025-10-22,https://gls-group.com/ES/es/recibir-paquetes/seguimiento-envio/,tracking,manual,,GLS España,0.0,,,,,1.0,
0,93.0,Logística,,,2025-10-22,https://mygls.gls-spain.es/,envios,manual,,GLS España,0.0,,,,,1.0,
0,93.0,Logística,,,2025-10-22,https://www.dhl.com/es-es/home/seguimiento.html,tracking,manual,,DHL España,0.0,,,,,1.0,
0,91.0,Logística,,,2025-10-22,https://www.dhl.com/es-es/ecommerce/home/private-shipments/customer-service/track-trace.html,ayuda,manual,,DHL España,0.0,,,,,1.0,
0,93.0,Logística,,,2025-10-22,https://www.ups.com/track?loc=es_ES,track,manual,,UPS España,0.0,,,,,1.0,
0,90.0,Logística,,,2025-10-22,https://wwwapps.ups.com/pickup/pending?loc=es_ES,centros,manual,,UPS España,0.0,,,,,1.0,
0,93.0,SaaS / Cloud / Plataformas,,,2025-10-22,https://account.microsoft.com/,account,manual,,Microsoft,0.0,,,,,1.0,
0,92.0,SaaS / Cloud / Plataformas,,,2025-10-22,https://www.office.com/login?es=UnauthClick,login,manual,,Microsoft,0.0,,,,,1.0,
0,91.0,SaaS / Cloud / Plataformas,,,2025-10-22,https://myaccount.microsoft.com/,security,manual,,Microsoft,0.0,,,,,1.0,
0,93.0,SaaS / Cloud / Plataformas,,,2025-10-22,https://admin.google.com/,admin,manual,,Google Workspace,0.0,,,,,1.0,
0,92.0,SaaS / Cloud / Plataformas,,,2025-10-22,https://www.google.com/appsstatus/dashboard/,status,manual,,Google Workspace,0.0,,,,,1.0,
0,93.0,SaaS / Cloud / Plataformas,,,2025-10-22,https://login.ionos.es/,login,manual,,IONOS,0.0,,,,,1.0,
0,91.0,SaaS / Cloud / Plataformas,,,2025-10-22,https://help.ovhcloud.com/csm/es-es/faq-support?id=kb_article_view&sysparm_article=KB0054565,faq,manual,,OVHcloud,0.0,,,,,1.0,
0,92.0,SaaS / Cloud / Plataformas,,,2025-10-22,https://www.githubstatus.com/,status,manual,,GitHub,0.0,,,,,1.0,
0,92.0,SaaS / Cloud / Plataformas,,,2025-10-22,https://gitlab.com/-/status,status,manual,,GitLab,0.0,,,,,1.0,
0,93.0,SaaS / Cloud / Plataformas,,,2025-10-22,https://dashboard.stripe.com/login,dashboard,manual,,Stripe,0.0,,,,,1.0,
0,93.0,Cripto / Fintech,,,2025-10-22,https://accounts.binance.com/es/register,register,manual,,Binance,0.0,,,,,1.0,
0,93.0,Cripto / Fintech,,,2025-10-22,https://www.binance.com/es/support,support,manual,,Binance,0.0,,,,,1.0,
0,92.0,Cripto / Fintech,,,2025-10-22,https://www.binance.com/es/support/faq/list/7,security_docs,manual,,Binance,0.0,,,,,1.0,
0,91.0,Cripto / Fintech,,,2025-10-22,https://www.binance.com/es/price/bitcoin,price_page,manual,,Binance,0.0,,,,,1.0,
0,90.0,Cripto / Fintech,,,2025-10-22,https://www.binance.com/es/network,deposit_withdraw_status,manual,,Binance,0.0,,,,,1.0,
0,90.0,Cripto / Fintech,,,2025-10-22,https://developers.binance.com/docs/wallet/others/system-status,api_docs_status,manual,,Binance,0.0,,,,,1.0,
0,94.0,Cripto / Fintech,,,2025-10-22,https://accounts.coinbase.com/signin?lang=es,login,manual,,Coinbase,0.0,,,,,1.0,
0,92.0,Cripto / Fintech,,,2025-10-22,https://www.coinbase.com/es/learn,learn,manual,,Coinbase,0.0,,,,,1.0,
0,91.0,Cripto / Fintech,,,2025-10-22,https://status.coinbase.com/,status,manual,,Coinbase,0.0,,,,,1.0,
0,93.0,Cripto / Fintech,,,2025-10-22,https://www.kraken.com/es-es/sign-in,login,manual,,Kraken,0.0,,,,,1.0,
0,91.0,Cripto / Fintech,,,2025-10-22,https://support.kraken.com/hc/es,help,manual,,Kraken,0.0,,,,,1.0,
0,94.0,Cripto / Fintech,,,2025-10-22,https://academy.bit2me.com/es/,academy,manual,,Bit2Me,0.0,,,,,1.0,
0,94.0,Público / Administración,,,2025-10-22,https://sede.agenciatributaria.gob.es/Sede/otros-servicios/cita-previa.html,cita-previa,manual,,AEAT,0.0,,,,,1.0,
0,93.0,Público / Administración,,,2025-10-22,https://sede.agenciatributaria.gob.es/Sede/notificaciones-cotejo-documentos.html,notificaciones,manual,,AEAT,0.0,,,,,1.0,
0,93.0,Público / Administración,,,2025-10-22,https://sede.seg-social.gob.es/wps/portal/sede/sede/inicio,inicio,manual,,Seguridad Social,0.0,,,,,1.0,
0,93.0,Público / Administración,,,2025-10-22,https://sede.seg-social.gob.es/wps/portal/sede/tramites,tramites,manual,,Seguridad Social,0.0,,,,,1.0,
0,93.0,Público / Administración,,,2025-10-22,https://sede.dgt.gob.es/es/,inicio,manual,,DGT,0.0,,,,,1.0,
0,93.0,Energía / Seguros,,,2025-10-22,https://www.iberdrola.es/informacion/facturas,facturas,manual,,Iberdrola,0.0,,,,,1.0,
0,93.0,Energía / Seguros,,,2025-10-22,https://www.iberdrola.es/gestiones/facturacion/factura-electronica,factura-electronica,manual,,Iberdrola,0.0,,,,,1.0,
0,93.0,Energía / Seguros,,,2025-10-22,https://www.endesa.com/es/te-ayudamos/sobre-tu-factura/pagar-facturas,facturas,manual,,Endesa,0.0,,,,,1.0,
0,92.0,Energía / Seguros,,,2025-10-22,https://www.mapfre.es/particulares/,particulares,manual,,Mapfre,0.0,,,,,1.0,
0,92.0,Energía / Seguros,,,2025-10-22,https://www.lineadirecta.com/clientes/login.init.faces,login-clientes,manual,,Línea Directa,0.0,,,,,1.0,
0,93.0,Energía / Seguros,,,2025-10-22,https://www.iberdrola.es/informacion/ventajas-mi-area-cliente,area-cliente,manual,,Iberdrola,0.0,,,,,1.0,
0,93.0,Energía / Seguros,,,2025-10-22,https://www.iberdrola.es/wclifral/alta/registro/identifica-contrato,registro,manual,,Iberdrola,0.0,,,,,1.0,
0,93.0,Energía / Seguros,,,2025-10-22,https://www.endesa.com/es/te-ayudamos/gestiones-contratos/usuario-area-privada-endesa,area-cliente,manual,,Endesa,0.0,,,,,1.0,
0,92.0,Energía / Seguros,,,2025-10-22,https://www.mapfre.es/particulares/contacto/dar-parte-coche/,siniestros,manual,,Mapfre,0.0,,,,,1.0,
0,92.0,Energía / Seguros,,,2025-10-22,https://www.lineadirecta.com/contacto,contacto,manual,,Línea Directa,0.0,,,,,1.0,
0,93.0,Retail / e-commerce / Streaming,,,2025-10-22,https://www.amazon.es/gp/help/customer/display.html?nodeId=201819300,ayuda-pedidos,manual,,Amazon España,0.0,,,,,1.0,
0,94.0,Retail / e-commerce / Streaming,,,2025-10-22,https://www.amazon.es/gp/your-account/order-history,pedido / historial,manual,,Amazon España,0.0,,,,,1.0,
0,92.0,Retail / e-commerce / Streaming,,,2025-10-22,https://www.amazon.es/gp/css/order-details?orderID=123-1234567-1234567,pedido / detalle (hard-negative),manual,,Amazon España,0.0,,,,,1.0,
0,93.0,Retail / e-commerce / Streaming,,,2025-10-22,https://cuenta.elcorteingles.es/,cuenta / clientes,manual,,El Corte Inglés,0.0,,,,,1.0,
0,93.0,Retail / e-commerce / Streaming,,,2025-10-22,https://www.elcorteingles.es/ayuda/,ayuda,manual,,El Corte Inglés,0.0,,,,,1.0,
0,93.0,Retail / e-commerce / Streaming,,,2025-10-22,https://www.carrefour.es/servicios/entrega-recogida-pedidos.e,entrega / pedidos,manual,,Carrefour España,0.0,,,,,1.0,
0,93.0,Retail / e-commerce / Streaming,,,2025-10-22,https://www.carrefour.es/servicios/click-and-collect.e,click-and-collect,manual,,Carrefour España,0.0,,,,,1.0,
0,92.0,Retail / e-commerce / Streaming,,,2025-10-22,https://www.pccomponentes.com/login?srsltid=AfmBOorfZqVaf727e6g9_Jyeb18dbJUwQ2G5QeaDx7fbd_a0m1R21o44,login,manual,,PcComponentes,0.0,,,,,1.0,
0,92.0,Retail / e-commerce / Streaming,,,2025-10-22,https://te-ayudamos.mediamarkt.es/,ayuda / soporte,manual,,MediaMarkt,0.0,,,,,1.0,
0,93.0,Retail / e-commerce / Streaming,,,2025-10-22,https://www.netflix.com/es/,home / login,manual,,Netflix (España),0.0,,,,,1.0,
0,94.0,Genérico / Otros,,,2025-10-22,https://www.redsys.es/,tpv / inicio,manual,,Redsys España,0.0,,,,,1.0,
0,93.0,Genérico / Otros,,,2025-10-22,https://www.paypal.com/es/signin,login,manual,,PayPal España,0.0,,,,,1.0,
0,93.0,Genérico / Otros,,,2025-10-22,https://stripe.com/es-es/docs/payments,docs / payments,manual,,Stripe España,0.0,,,,,1.0,
0,93.0,Genérico / Otros,,,2025-10-22,https://status.aws.amazon.com/,status,manual,,Amazon Web Services,0.0,,,,,1.0,
0,93.0,Genérico / Otros,,,2025-10-22,https://www.cloudflarestatus.com/,status,manual,,Cloudflare,0.0,,,,,1.0,
0,93.0,Genérico / Otros,,,2025-10-22,https://status.azure.com/es-es/status,status,manual,,Microsoft Azure,0.0,,,,,1.0,
0,92.0,Genérico / Otros,,,2025-10-22,https://auth0.com/docs/get-started/authentication-and-authorization-flow,docs / authorize,manual,,Auth0,0.0,,,,,1.0,
0,92.0,Genérico / Otros,,,2025-10-22,https://developer.okta.com/docs/guides/implement-auth-code/overview/,docs / callback,manual,,Okta,0.0,,,,,1.0,
0,93.0,Genérico / Otros,,,2025-10-22,https://www.linkedin.com/help/linkedin,help / seguridad,manual,,LinkedIn,0.0,,,,,1.0,
0,93.0,Genérico / Otros,,,2025-10-22,https://help.twitter.com/es,help / seguridad,manual,,Twitter,0.0,,,,,1.0,
1,,Banca,train_val,labonkpostal-bcea5d.ingress-baronn.ewp.live,,https://labonkpostal-bcea5d.ingress-baronn.ewp.live/log-page/correos/recibir_paquete.php,,,90.0,Correos,,18.0,"banca | correos | Smishing paquete | free_hosting;marca_en_path;spanish_token | score=18, signals=spanish_brand:ing;spanish_brand:correos;spanish_token:paquete;spanish_token:reci | confianza=90 (ruido=10%)",Banca,1.0,,10.0
1,,Banca,train_val,servicio-baea8f.ingress-erytho.ewp.live,,https://servicio-baea8f.ingress-erytho.ewp.live/bbva/area_cliente/confirmacionmovil.html,,,90.0,BBVA,,18.0,"banca | bbva | Confirmación | free_hosting;marca_en_path;spanish_token | score=18, signals=spanish_brand:bbva;spanish_brand:ing;spanish_token:cliente;spanish_token:confirm | confianza=90 (ruido=10%)",Banca,1.0,,10.0
1,,Banca,train_val,servicio-cliente-santdr-b8ca53.ingress-comporellon.ewp.live,,https://servicio-cliente-santdr-b8ca53.ingress-comporellon.ewp.live/santawithpinsansms/codigo_incorrecta.php,,,90.0,Santander,,17.0,"banca | santander | Verificación | free_hosting;marca_en_path;spanish_token | score=17, signals=spanish_brand:ing;spanish_token:cliente;spanish_token:codigo;spanish_token:sms;s | confianza=90 (ruido=10%)",Banca,1.0,,10.0
1,,Banca,train_val,0c4d4e6.wcomhost.com,,http://0c4d4e6.wcomhost.com/banco-santander/particulares/iogin/home/sms_codigo.php,,,90.0,Santander,,16.0,"banca | santander | Verificación | marca_en_path;spanish_token | score=16, signals=spanish_brand:santander;spanish_token:banco;spanish_token:particulares;spanish_t | confianza=90 (ruido=10%)",Banca,1.0,,10.0
1,,Banca,train_val,guyanemarketing.com,,http://guyanemarketing.com/bancosantander.es/login/firma.php,,,90.0,Santander,,16.0,"banca | santander | Login | marca_en_path;spanish_token | score=16, signals=spanish_brand:santander;spanish_brand:ing;spanish_token:login;spanish_token:banc | confianza=90 (ruido=10%)",Banca,1.0,,10.0
1,,Banca,train_val,particulares-bancosantander-es.tempurl.host,,http://particulares-bancosantander-es.tempurl.host/es/grupo/home/codigo_incorrecta.php,,,90.0,Santander,,16.0,"banca | santander | Verificación | marca_en_path;spanish_token | score=16, signals=spanish_brand:santander;spanish_token:banco;spanish_token:particulares;spanish_t | confianza=90 (ruido=10%)",Banca,1.0,,10.0
1,,Banca,train_val,santanfer-idition-bc6241.ingress-erytho.ewp.live,,https://santanfer-idition-bc6241.ingress-erytho.ewp.live/santawithpinsansms/particulares.php,,,90.0,Santander,,16.0,"banca | santander | Login | free_hosting;marca_en_path;spanish_token | score=16, signals=spanish_brand:ing;spanish_token:particulares;spanish_token:sms;spanish_token:pin | confianza=90 (ruido=10%)",Banca,1.0,,10.0
1,,Banca,train_val,seguridad-gestion-b1032f.ingress-comporellon.ewp.live,,https://seguridad-gestion-b1032f.ingress-comporellon.ewp.live/bankinter/accounte.php?assure_nfpb=true&_pagelabel=as_login_page&connexioncompte_2actionevt=afficher&lieu.x=fr_8292263&5c3a199c596c759d80b05a7b5cc10434,,,90.0,Bankinter,,16.0,"banca | bankinter | Login | free_hosting;marca_en_path;spanish_token | score=16, signals=spanish_brand:bankinter;spanish_brand:ing;spanish_token:login;spanish_token:segu | confianza=90 (ruido=10%)",Banca,1.0,,10.0
1,,Banca,train_val,selricos-baf31d.ingress-baronn.ewp.live,,https://selricos-baf31d.ingress-baronn.ewp.live/santawithpinsansms/santawithpinsansms/particulares.php,,,90.0,Santander,,16.0,"banca | santander | Login | free_hosting;marca_en_path;spanish_token | score=16, signals=spanish_brand:ing;spanish_token:particulares;spanish_token:sms;spanish_token:pin | confianza=90 (ruido=10%)",Banca,1.0,,10.0
1,,Banca,train_val,ing.es-accesospanel.info,,http://ing.es-accesospanel.info/loginon.php,,,90.0,ING,,15.0,"banca | ing | Login | marca_en_path;spanish_token | score=15, signals=spanish_brand:ing;spanish_token:acceso;spanish_token:login;spanish_marker:.es;br | confianza=90 (ruido=10%)",Banca,1.0,,10.0
1,,Banca,train_val,loc10cxixaayuodaaccesoae-b40361.ingress-florina.ewp.live,,http://loc10cxixaayuodaaccesoae-b40361.ingress-florina.ewp.live/loca4/home/sms2.html,,,90.0,CaixaBank,,15.0,"banca | caixaBank | Login | free_hosting;marca_en_path;spanish_token | score=15, signals=spanish_brand:ing;spanish_token:acceso;spanish_token:sms;brand_and_spanish_token | confianza=90 (ruido=10%)",Banca,1.0,,10.0
1,,Banca,train_val,autrasistema-ba63ea.ingress-earth.ewp.live,,https://autrasistema-ba63ea.ingress-earth.ewp.live/santander-dro/home/particulares.php,,,90.0,Santander,,15.0,"banca | santander | Login | free_hosting;marca_en_path;spanish_token | score=15, signals=spanish_brand:santander;spanish_brand:ing;spanish_token:particulares;brand_and_s | confianza=90 (ruido=10%)",Banca,1.0,,10.0
1,,Banca,train_val,corss-1-aeab5e.ingress-erytho.ewp.live,,https://corss-1-aeab5e.ingress-erytho.ewp.live/nonew/santander/particulares.php,,,90.0,Santander,,15.0,"banca | santander | Login | free_hosting;marca_en_path;spanish_token | score=15, signals=spanish_brand:santander;spanish_brand:ing;spanish_token:particulares;brand_and_s | confianza=90 (ruido=10%)",Banca,1.0,,10.0
1,,Banca,train_val,servicio-baffd6.ingress-bonde.ewp.live,,http://servicio-baffd6.ingress-bonde.ewp.live/bbva/area_cliente/index.php,,,90.0,BBVA,,15.0,"banca | bbva | Login | free_hosting;marca_en_path;spanish_token | score=15, signals=spanish_brand:bbva;spanish_brand:ing;spanish_token:cliente;brand_and_spanish_tok | confianza=90 (ruido=10%)",Banca,1.0,,10.0
1,,Banca,train_val,initterbanhintteraceropo-b37a0e.ingress-comporellon.ewp.live,,https://initterbanhintteraceropo-b37a0e.ingress-comporellon.ewp.live/bnakinninter/smsone.php?assure_boba=false&_pagelabel=as_login_page&connexioncompte_2actionevt=afficher&lieu.x=fr_2332932&4e0da8dfc2e64abb9170d6a336ea5271,,,90.0,Bankinter,,15.0,"banca | bankinter | Login | free_hosting;marca_en_path;spanish_token | score=15, signals=spanish_brand:ing;spanish_token:login;spanish_token:sms;brand_and_spanish_token_ | confianza=90 (ruido=10%)",Banca,1.0,,10.0
1,,Banca,train_val,santa-ba27af.ingress-earth.ewp.live,,https://santa-ba27af.ingress-earth.ewp.live/acceso/cuenta/clients/login.php?%22santander%22,,,90.0,Santander,,15.0,"banca | santander | Login | free_hosting;marca_en_path;spanish_token | score=15, signals=spanish_brand:santander;spanish_brand:ing;spanish_token:acceso;spanish_token:log | confianza=90 (ruido=10%)",Banca,1.0,,10.0
1,,Banca,train_val,santa-dns-army-b85505.ingress-erytho.ewp.live,,https://santa-dns-army-b85505.ingress-erytho.ewp.live/areasantander/home/particulares.php,,,90.0,Santander,,15.0,"banca | santander | Login | free_hosting;marca_en_path;spanish_token | score=15, signals=spanish_brand:santander;spanish_brand:ing;spanish_token:particulares;brand_and_s | confianza=90 (ruido=10%)",Banca,1.0,,10.0
1,,Banca,train_val,santdr-baf004.ingress-bonde.ewp.live,,https://santdr-baf004.ingress-bonde.ewp.live/stdr/santander1/particulares.php,,,90.0,Santander,,15.0,"banca | santander | Login | free_hosting;marca_en_path;spanish_token | score=15, signals=spanish_brand:santander;spanish_brand:ing;spanish_token:particulares;brand_and_s | confianza=90 (ruido=10%)",Banca,1.0,,10.0
1,,Banca,train_val,santt-ba3214.ingress-bonde.ewp.live,,https://santt-ba3214.ingress-bonde.ewp.live/snt/santander1/particulares.php,,,90.0,Santander,,15.0,"banca | santander | Login | free_hosting;marca_en_path;spanish_token | score=15, signals=spanish_brand:santander;spanish_brand:ing;spanish_token:particulares;brand_and_s | confianza=90 (ruido=10%)",Banca,1.0,,10.0
1,,Banca,train_val,sntdr-2-bbb7d3.ingress-erytho.ewp.live,,https://sntdr-2-bbb7d3.ingress-erytho.ewp.live/sntdr/santander/particulares.php,,,90.0,Santander,,15.0,"banca | santander | Login | free_hosting;marca_en_path;spanish_token | score=15, signals=spanish_brand:santander;spanish_brand:ing;spanish_token:particulares;brand_and_s | confianza=90 (ruido=10%)",Banca,1.0,,10.0
1,,Banca,train_val,suppoert-ba6dbd.ingress-earth.ewp.live,,https://suppoert-ba6dbd.ingress-earth.ewp.live/gruposantander/home/particulares.php,,,90.0,Santander,,15.0,"banca | santander | Login | free_hosting;marca_en_path;spanish_token | score=15, signals=spanish_brand:santander;spanish_brand:ing;spanish_token:particulares;brand_and_s | confianza=90 (ruido=10%)",Banca,1.0,,10.0
1,,Banca,train_val,000o8dc.wcomhost.com,,http://000o8dc.wcomhost.com/www.santanderbanco.es/bancosantander/es/particulares/santander,,,90.0,Santander,,14.0,"banca | santander | Login | marca_en_path;spanish_token | score=14, signals=spanish_brand:santander;spanish_token:banco;spanish_token:particulares;spanish_m | confianza=90 (ruido=10%)",Banca,1.0,,10.0
1,,Banca,train_val,empresasone-b96935.ingress-comporellon.ewp.live,,http://empresasone-b96935.ingress-comporellon.ewp.live/santander/clients/login.php,,,90.0,Santander,,14.0,"banca | santander | Login | free_hosting;marca_en_path;spanish_token | score=14, signals=spanish_brand:santander;spanish_brand:ing;spanish_token:login;brand_and_spanish_ | confianza=90 (ruido=10%)",Banca,1.0,,10.0
1,,Banca,train_val,loc52.caixabank.es.lacaixa.actualizar.information.ay-min.az,,http://loc52.caixabank.es.lacaixa.actualizar.information.ay-min.az/soporte-directonow/home/codigo.html,,,90.0,CaixaBank,,14.0,"banca | caixabank | Verificación | marca_en_path;spanish_token | score=14, signals=spanish_brand:caixabank;spanish_token:forma;spanish_token:codigo;spanish_marker: | confianza=90 (ruido=10%)",Banca,1.0,,10.0
1,,Banca,train_val,pagos-correos-del.tempurl.host,,http://pagos-correos-del.tempurl.host/es/manage/?view=login&appidkey=fcd00c0656cc490&country=,,,90.0,Correos,,14.0,"banca | correos | Pago | marca_en_path;spanish_token | score=14, signals=spanish_brand:correos;spanish_token:pago;spanish_token:pagos;spanish_token:login | confianza=90 (ruido=10%)",Banca,1.0,,10.0
1,,Banca,train_val,0560db8.wcomhost.com,,https://0560db8.wcomhost.com/Caixabank/particulares_es/home/Espera2.html,,,90.0,CaixaBank,,14.0,"banca | caixaBank | Login | marca_en_path;spanish_token | score=14, signals=spanish_brand:caixabank;spanish_token:particulares;spanish_token:espera;brand_an | confianza=90 (ruido=10%)",Banca,1.0,,10.0
1,,Banca,train_val,am-coaching.salamander.dev,,https://am-coaching.salamander.dev/caixa/vbv/home/forma.html,,,90.0,CaixaBank,,14.0,"banca | caixaBank | Login | marca_en_path;spanish_token | score=14, signals=spanish_brand:ing;spanish_token:forma;brand_and_spanish_token_boost;path_verific | confianza=90 (ruido=10%)",Banca,1.0,,10.0
1,,Banca,train_val,bancosantander-firma-es-account-activation-yakuzablyat101350359.codeanyapp.com,,https://bancosantander-firma-es-account-activation-yakuzablyat101350359.codeanyapp.com/online1/particulares/home.php?web=succes&local=_&id=76276442,,,90.0,Santander,,14.0,"banca | santander | Login | marca_en_path;spanish_token | score=14, signals=spanish_brand:santander;spanish_token:banco;spanish_token:particulares;spanish_t | confianza=90 (ruido=10%)",Banca,1.0,,10.0
1,,Banca,train_val,bbva.es.id8261.info,,https://bbva.es.id8261.info/usuario,,,90.0,BBVA,,14.0,"banca | bbva | Login | marca_en_path;spanish_token | score=14, signals=spanish_brand:bbva;spanish_token:usuario;spanish_marker:.es;brand_and_spanish_to | confianza=90 (ruido=10%)",Banca,1.0,,10.0
1,,Banca,train_val,bobo-bc1ece.ingress-erytho.ewp.live,,https://bobo-bc1ece.ingress-erytho.ewp.live/santander/manage/index.html?view=login&appldkey=fcd00c0656cc490&country=ee,,,90.0,Santander,,14.0,"banca | santander | Login | free_hosting;marca_en_path;spanish_token | score=14, signals=spanish_brand:santander;spanish_brand:ing;spanish_token:login;brand_and_spanish_ | confianza=90 (ruido=10%)",Banca,1.0,,10.0
1,,Banca,train_val,invetsofia-b96935.ingress-earth.ewp.live,,https://invetsofia-b96935.ingress-earth.ewp.live/produits/santander/clients/login.php?%22santander%22,,,90.0,Santander,,14.0,"banca | santander | Login | free_hosting;marca_en_path;spanish_token | score=14, signals=spanish_brand:santander;spanish_brand:ing;spanish_token:login;brand_and_spanish_ | confianza=90 (ruido=10%)",Banca,1.0,,10.0
1,,Banca,train_val,oldoone-ba3214.ingress-comporellon.ewp.live,,https://oldoone-ba3214.ingress-comporellon.ewp.live/service/santander/particulares.php,,,90.0,Santander,,14.0,"banca | santander | Login | free_hosting;marca_en_path;spanish_token | score=14, signals=spanish_brand:santander;spanish_brand:ing;spanish_token:particulares;brand_and_s | confianza=90 (ruido=10%)",Banca,1.0,,10.0
1,,Banca,train_val,particularhomeweblogicsession-b1032f.ingress-baronn.ewp.live,,https://particularhomeweblogicsession-b1032f.ingress-baronn.ewp.live/caix/lacaixa/home/espera2.html,,,90.0,CaixaBank,,14.0,"banca | caixabank | Login | free_hosting;marca_en_path;spanish_token | score=14, signals=spanish_brand:ing;spanish_token:espera;brand_and_spanish_token_boost;path_verifi | confianza=90 (ruido=10%)",Banca,1.0,,10.0
1,,Banca,train_val,public-2-a27a5b.ingress-florina.ewp.live,,https://public-2-a27a5b.ingress-florina.ewp.live/info/caixa-vbvfinal/home/espera.html,,,90.0,CaixaBank,,14.0,"banca | caixabank | Login | free_hosting;marca_en_path;spanish_token | score=14, signals=spanish_brand:ing;spanish_token:espera;brand_and_spanish_token_boost;path_verifi | confianza=90 (ruido=10%)",Banca,1.0,,10.0
1,,Banca,train_val,santasp-b96842.ingress-earth.ewp.live,,https://santasp-b96842.ingress-earth.ewp.live/ex%20+%20my%20info/corex/auth/erreur-sms.php,,,90.0,Santander,,14.0,"banca | santander | Login | free_hosting;marca_en_path;spanish_token | score=14, signals=spanish_brand:ing;spanish_token:sms;brand_and_spanish_token_boost;path_verificat | confianza=90 (ruido=10%)",Banca,1.0,,10.0
1,,Banca,train_val,service-2-a0ec7f.ingress-erytho.ewp.live,,https://service-2-a0ec7f.ingress-erytho.ewp.live/santander%20(4)/clients/login.php,,,90.0,Santander,,14.0,"banca | santander | Login | free_hosting;marca_en_path;spanish_token | score=14, signals=spanish_brand:santander;spanish_brand:ing;spanish_token:login;brand_and_spanish_ | confianza=90 (ruido=10%)",Banca,1.0,,10.0
1,,Banca,train_val,wordpress-916397-3181167.cloudwaysapps.com,,https://wordpress-916397-3181167.cloudwaysapps.com/bbva.es/bbva.es/cuenta/area_cliente,,,90.0,BBVA,,14.0,"banca | bbva | Login | marca_en_path;spanish_token | score=14, signals=spanish_brand:bbva;spanish_token:cliente;spanish_token:cuenta;spanish_marker:.es | confianza=90 (ruido=10%)",Banca,1.0,,10.0
1,,Banca,train_val,www.webspaceguy.com,,https://www.webspaceguy.com/knjh68515/caixabank.es3/a/-cuenta/index.html?info_selecteur_web.html?loginaccess=op=c&url&request_locale=fr_fr&lpolbreseterrorcounter=20&c55ad10873e7ca17e58cda24c3bf2b0d,,,90.0,CaixaBank,,14.0,"banca | caixabank | Login | marca_en_path;spanish_token | score=14, signals=spanish_brand:caixabank;spanish_token:login;spanish_token:cuenta;spanish_marker: | confianza=90 (ruido=10%)",Banca,1.0,,10.0
1,,Banca,train_val,044088d.wcomhost.com,,http://044088d.wcomhost.com/www.santanader.es/banco/particulier/santander/santa,,,90.0,Santander,,13.0,"banca | santander | Login | marca_en_path;spanish_token | score=13, signals=spanish_brand:santander;spanish_token:banco;spanish_marker:.es;brand_and_spanish | confianza=90 (ruido=10%)",Banca,1.0,,10.0
1,,Banca,train_val,bbvaspaing.temp.swtest.ru,,http://bbvaspaing.temp.swtest.ru/bbva21/bbva/area_cliente/smsconfirmacion.html,,,90.0,BBVA,,13.0,"banca | bbva | Confirmación | marca_en_path;spanish_token | score=13, signals=spanish_brand:bbva;spanish_brand:ing;spanish_token:cliente;spanish_token:confirm | confianza=90 (ruido=10%)",Banca,1.0,,10.0
1,,Banca,train_val,loc2.caixabank.es.ay-min.az,,http://loc2.caixabank.es.ay-min.az/gpeticiones;weblogicsession/lacaixa/home/codigo.html,,,90.0,CaixaBank,,13.0,"banca | caixabank | Verificación | marca_en_path;spanish_token | score=13, signals=spanish_brand:caixabank;spanish_token:codigo;spanish_marker:.es;brand_and_spanis | confianza=90 (ruido=10%)",Banca,1.0,,10.0
1,,Banca,train_val,loc4.caixabank.es.gpeticiones.weblogicsession.ay-min.az,,http://loc4.caixabank.es.gpeticiones.weblogicsession.ay-min.az/lacaixa/home/codigo.html,,,90.0,CaixaBank,,13.0,"banca | caixabank | Verificación | marca_en_path;spanish_token | score=13, signals=spanish_brand:caixabank;spanish_token:codigo;spanish_marker:.es;brand_and_spanis | confianza=90 (ruido=10%)",Banca,1.0,,10.0
1,,Banca,train_val,loveysplace.com,,http://loveysplace.com/ingdirect.es/02298/sms.html,,,90.0,ING,,13.0,"banca | ing | Login | marca_en_path;spanish_token | score=13, signals=spanish_brand:ing;spanish_token:sms;spanish_marker:.es;brand_and_spanish_token_b | confianza=90 (ruido=10%)",Banca,1.0,,10.0
1,,Banca,train_val,064f211.wcomhost.com,,https://064f211.wcomhost.com/caixanew/CaixaBank/particular/GPeticionesPN/Es/home/Espera.html,,,90.0,CaixaBank,,13.0,"banca | caixaBank | Login | marca_en_path;spanish_token | score=13, signals=spanish_brand:caixabank;spanish_token:espera;brand_and_spanish_token_boost;brand | confianza=90 (ruido=10%)",Banca,1.0,,10.0
1,,Banca,train_val,0674b9c.wcomhost.com,,https://0674b9c.wcomhost.com/CaixaBank/particular/GPeticionesPN/Es/home/Espera.html,,,90.0,CaixaBank,,13.0,"banca | caixaBank | Login | marca_en_path;spanish_token | score=13, signals=spanish_brand:caixabank;spanish_token:espera;brand_and_spanish_token_boost;brand | confianza=90 (ruido=10%)",Banca,1.0,,10.0
1,,Banca,train_val,anularpagosbc.replit.app,,https://anularpagosbc.replit.app/mua/waiting/scis/j6unvhzsitlyrxstpnfun4tssjgejkn7dldp6fxsjfxo/3d/no-back-button,,,90.0,Generico,,13.0,"banca | generico | Pago | free_hosting;kit_3dsecure;marca_en_path;spanish_token | score=13, signals=spanish_brand:ing;spanish_token:pago;spanish_token:pagos;brand_and_spanish_token, TLD .app | confianza=90 (ruido=10%)",Banca,1.0,,10.0
1,,Banca,train_val,banco.online.bbva.146-70-81-49.cprapid.com,,https://banco.online.bbva.146-70-81-49.cprapid.com/bbva-movil/es/index.php,,,90.0,BBVA,,13.0,"banca | bbva | Login | marca_en_path;spanish_token | score=13, signals=spanish_brand:bbva;spanish_token:banco;spanish_token:movil;spanish_hosting:cprap | confianza=90 (ruido=10%)",Banca,1.0,,10.0
1,,Banca,train_val,bancosantander.es.hotelparadis.es,,https://bancosantander.es.hotelparadis.es/aviso/03a253e1ba5bba8/login.php?signin,,,90.0,Santander,,13.0,"banca | santander | Login | marca_en_path;spanish_token | score=13, signals=spanish_brand:santander;spanish_token:login;spanish_token:aviso;spanish_token:ba | confianza=90 (ruido=10%)",Banca,1.0,,10.0
1,,Banca,train_val,bancosantander-es-online.preview-domain.com,,https://bancosantander-es-online.preview-domain.com/xx/santa_presi/login,,,90.0,Santander,,13.0,"banca | santander | Login | marca_en_path;spanish_token | score=13, signals=spanish_brand:santander;spanish_token:login;spanish_token:banco;spanish_hosting: | confianza=90 (ruido=10%)",Banca,1.0,,10.0
1,,Banca,train_val,caixabank-es-883f1e.ingress-erytho.easywp.com,,https://caixabank-es-883f1e.ingress-erytho.easywp.com/particular-tarjetas/auth/access/clients/sms.php?verification,,,90.0,CaixaBank,,13.0,"banca | caixaBank | Verificación | free_hosting;marca_en_path;spanish_token | score=13, signals=spanish_brand:caixabank;spanish_brand:ing;spanish_token:tarjeta;spanish_token:sm | confianza=90 (ruido=10%)",Banca,1.0,,10.0
1,,Logística,train_val,ecarduar-bc20e9.ingress-baronn.ewp.live,,https://ecarduar-bc20e9.ingress-baronn.ewp.live/new%20correos/pagomente/recibir_paquete.php,,,90.0,Correos,,19.0,"logistica | correos | Pago | free_hosting;marca_en_path;spanish_token | score=19, signals=spanish_brand:ing;spanish_brand:correos;spanish_token:pago;spanish_token:paquete | confianza=90 (ruido=10%)",Logística,1.0,,10.0
1,,Logística,train_val,entrega-estndar-baf1d3.ingress-baronn.ewp.live,,https://entrega-estndar-baf1d3.ingress-baronn.ewp.live/correos/correos/recibir_paquete.php,,,90.0,Correos,,19.0,"logistica | correos | Smishing paquete | free_hosting;marca_en_path;spanish_token | score=19, signals=spanish_brand:ing;spanish_brand:correos;spanish_token:entrega;spanish_token:paqu | confianza=90 (ruido=10%)",Logística,1.0,,10.0
1,,Logística,train_val,gestin-particulares-es-10-b934ac.ingress-earth.ewp.live,,https://gestin-particulares-es-10-b934ac.ingress-earth.ewp.live/necorreos/necorreos/recibir_paquete.php,,,90.0,Correos,,19.0,"logistica | correos | Smishing paquete | free_hosting;marca_en_path;spanish_token | score=19, signals=spanish_brand:ing;spanish_brand:correos;spanish_token:paquete;spanish_token:part | confianza=90 (ruido=10%)",Logística,1.0,,10.0
1,,Logística,train_val,gestin-particulares-es-1-bc3294.ingress-daribow.ewp.live,,https://gestin-particulares-es-1-bc3294.ingress-daribow.ewp.live/necorreos/recibir_paquete.php,,,90.0,Correos,,19.0,"logistica | correos | Smishing paquete | free_hosting;marca_en_path;spanish_token | score=19, signals=spanish_brand:ing;spanish_brand:correos;spanish_token:paquete;spanish_token:part | confianza=90 (ruido=10%)",Logística,1.0,,10.0
1,,Logística,train_val,groupocoroeoss-bd38c7.ingress-erytho.ewp.live,,https://groupocoroeoss-bd38c7.ingress-erytho.ewp.live/login/grupo.correos/recibir_paquete.php,,,90.0,Correos,,19.0,"logistica | correos | Smishing paquete | free_hosting;marca_en_path;spanish_token | score=19, signals=spanish_brand:ing;spanish_brand:correos;spanish_token:login;spanish_token:paquet | confianza=90 (ruido=10%)",Logística,1.0,,10.0
1,,Logística,train_val,have-bcea5d.ingress-erytho.ewp.live,,https://have-bcea5d.ingress-erytho.ewp.live/content/word/correos/recibir_paquete.php,,,90.0,Correos,,18.0,"logistica | correos | Smishing paquete | free_hosting;marca_en_path;spanish_token | score=18, signals=spanish_brand:ing;spanish_brand:correos;spanish_token:paquete;spanish_token:reci | confianza=90 (ruido=10%)",Logística,1.0,,10.0
1,,Logística,train_val,informacion-bc74ce.ingress-baronn.ewp.live,,https://informacion-bc74ce.ingress-baronn.ewp.live/cuenta/pagomente/recibir_paquete.php,,,90.0,Generico,,18.0,"logistica | generico | Pago | free_hosting;marca_en_path;spanish_token | score=18, signals=spanish_brand:ing;spanish_token:pago;spanish_token:paquete;spanish_token:cuenta; | confianza=90 (ruido=10%)",Logística,1.0,,10.0
1,,Logística,train_val,correos-1-bc9a64.ingress-erytho.ewp.live,,https://correos-1-bc9a64.ingress-erytho.ewp.live/info/pagomente/recibir_paquete.php,,,90.0,Correos,,17.0,"logistica | correos | Pago | free_hosting;marca_en_path;spanish_token | score=17, signals=spanish_brand:ing;spanish_brand:correos;spanish_token:pago;spanish_token:paquete | confianza=90 (ruido=10%)",Logística,1.0,,10.0
1,,Logística,train_val,correos-bcb20b.ingress-baronn.ewp.live,,https://correos-bcb20b.ingress-baronn.ewp.live/login/home/correeoos/recibir_paquete.php,,,90.0,Correos,,17.0,"logistica | correos | Smishing paquete | free_hosting;marca_en_path;spanish_token | score=17, signals=spanish_brand:ing;spanish_brand:correos;spanish_token:login;spanish_token:paquet | confianza=90 (ruido=10%)",Logística,1.0,,10.0
1,,Logística,train_val,correos-bcea5d.ingress-baronn.ewp.live,,https://correos-bcea5d.ingress-baronn.ewp.live/log-up/pagomente/recibir_paquete.php,,,90.0,Correos,,17.0,"logistica | correos | Pago | free_hosting;marca_en_path;spanish_token | score=17, signals=spanish_brand:ing;spanish_brand:correos;spanish_token:pago;spanish_token:paquete | confianza=90 (ruido=10%)",Logística,1.0,,10.0
1,,Logística,train_val,wordpress-893197-3098519.cloudwaysapps.com,,https://wordpress-893197-3098519.cloudwaysapps.com/wwww.correos.es/particulares/es/recibir_paquete.php,,,90.0,Correos,,17.0,"logistica | correos | Smishing paquete | marca_en_path;spanish_token | score=17, signals=spanish_brand:correos;spanish_token:paquete;spanish_token:particulares;spanish_t | confianza=90 (ruido=10%)",Logística,1.0,,10.0
1,,Logística,train_val,consielle-bbc9ad.ingress-comporellon.ewp.live,,https://consielle-bbc9ad.ingress-comporellon.ewp.live/coreoss/pagomente/recibir_paquete.php,,,90.0,Correos,,16.0,"logistica | correos | Pago | free_hosting;marca_en_path;spanish_token | score=16, signals=spanish_brand:ing;spanish_token:pago;spanish_token:paquete;spanish_token:recibir | confianza=90 (ruido=10%)",Logística,1.0,,10.0
1,,Logística,train_val,correosexpriiso-b7be51.ingress-comporellon.ewp.live,,https://correosexpriiso-b7be51.ingress-comporellon.ewp.live/crss/adam/recibir_paquete.php,,,90.0,Correos,,16.0,"logistica | correos | Smishing paquete | free_hosting;marca_en_path;spanish_token | score=16, signals=spanish_brand:ing;spanish_brand:correos;spanish_token:paquete;spanish_token:reci | confianza=90 (ruido=10%)",Logística,1.0,,10.0
1,,Logística,train_val,correosparricularesssss-bd6c41.ingress-earth.ewp.live,,https://correosparricularesssss-bd6c41.ingress-earth.ewp.live/tkeee/zeeed/recibir_paquete.php,,,90.0,Correos,,16.0,"logistica | correos | Smishing paquete | free_hosting;marca_en_path;spanish_token | score=16, signals=spanish_brand:ing;spanish_brand:correos;spanish_token:paquete;spanish_token:reci | confianza=90 (ruido=10%)",Logística,1.0,,10.0
1,,Logística,train_val,correosparticularsestaaa-bce9d7.ingress-daribow.ewp.live,,https://correosparticularsestaaa-bce9d7.ingress-daribow.ewp.live/hp5dt/cesp/recibir_paquete.php,,,90.0,Correos,,16.0,"logistica | correos | Smishing paquete | free_hosting;marca_en_path;spanish_token | score=16, signals=spanish_brand:ing;spanish_brand:correos;spanish_token:paquete;spanish_token:reci | confianza=90 (ruido=10%)",Logística,1.0,,10.0
1,,Logística,train_val,correosss-ew-be2384.ingress-erytho.ewp.live,,https://correosss-ew-be2384.ingress-erytho.ewp.live/ls-spn/recibir_paquete.php,,,90.0,Correos,,16.0,"logistica | correos | Smishing paquete | free_hosting;marca_en_path;spanish_token | score=16, signals=spanish_brand:ing;spanish_brand:correos;spanish_token:paquete;spanish_token:reci | confianza=90 (ruido=10%)",Logística,1.0,,10.0
1,,Logística,train_val,corrreosspain-bc31cb.ingress-bonde.ewp.live,,https://corrreosspain-bc31cb.ingress-bonde.ewp.live/es/pagomente/recibir_paquete.php,,,90.0,Correos,,16.0,"logistica | correos | Pago | free_hosting;marca_en_path;spanish_token | score=16, signals=spanish_brand:ing;spanish_token:pago;spanish_token:paquete;spanish_token:recibir | confianza=90 (ruido=10%)",Logística,1.0,,10.0
1,,Logística,train_val,cuotasnopagadas-1-bc0ed7.ingress-earth.ewp.live,,https://cuotasnopagadas-1-bc0ed7.ingress-earth.ewp.live/confirmeelpago/recibir_paquete.php,,,90.0,Generico,,16.0,"logistica | generico | Pago | free_hosting;marca_en_path;spanish_token | score=16, signals=spanish_brand:ing;spanish_token:pago;spanish_token:paquete;spanish_token:recibir | confianza=90 (ruido=10%)",Logística,1.0,,10.0
1,,Logística,train_val,espaserv-bc31cb.ingress-erytho.ewp.live,,https://espaserv-bc31cb.ingress-erytho.ewp.live/spain/pagomente/recibir_paquete.php,,,90.0,Correos,,16.0,"logistica | correos | Pago | free_hosting;marca_en_path;spanish_token | score=16, signals=spanish_brand:ing;spanish_token:pago;spanish_token:paquete;spanish_token:recibir | confianza=90 (ruido=10%)",Logística,1.0,,10.0
1,,Logística,train_val,recibir-paquete-da9943.ingress-erytho.ewp.live,,https://recibir-paquete-da9943.ingress-erytho.ewp.live/correos,,,90.0,Correos,,16.0,"logistica | correos | Smishing paquete | free_hosting;marca_en_path;spanish_token | score=16, signals=spanish_brand:ing;spanish_brand:correos;spanish_token:paquete;spanish_token:reci | confianza=90 (ruido=10%)",Logística,1.0,,10.0
1,,Logística,train_val,site73-bd0bf7.ingress-erytho.ewp.live,,https://site73-bd0bf7.ingress-erytho.ewp.live/867524/pagomente/recibir_paquete.php,,,90.0,Correos,,16.0,"logistica | correos | Pago | free_hosting;marca_en_path;spanish_token | score=16, signals=spanish_brand:ing;spanish_token:pago;spanish_token:paquete;spanish_token:recibir | confianza=90 (ruido=10%)",Logística,1.0,,10.0
1,,Logística,train_val,www.paqueteseur.info,,http://www.paqueteseur.info/Correos/Seleccione_medio_de_pago_codigo.php,,,90.0,Seur,,16.0,"logistica | seur | Pago | marca_en_path;spanish_token | score=16, signals=spanish_brand:correos;spanish_brand:seur;spanish_token:pago;spanish_token:paquet | confianza=90 (ruido=10%)",Logística,1.0,,10.0
1,,Logística,train_val,correos-esxpress.tempurl.host,,http://correos-esxpress.tempurl.host/correos-esxpress.tempurl.host/es/recibir_paquete.php,,,90.0,Correos,,15.0,"logustuca | correos | Smishing paquete | marca_en_path;spanish_token | score=15, signals=spanish_brand:correos;spanish_token:paquete;spanish_token:recibir;spanish_hostin | confianza=90 (ruido=10%)",Logística,1.0,,10.0
1,,Logística,train_val,correos-spain.tempurl.host,,http://correos-spain.tempurl.host/es/recibir_paquete.php,,,90.0,Correos,,15.0,"logistica | correos | Smishing paquete | marca_en_path;spanish_token | score=15, signals=spanish_brand:correos;spanish_token:paquete;spanish_token:recibir;spanish_hostin | confianza=90 (ruido=10%)",Logística,1.0,,10.0
1,,Logística,train_val,co-bccd2c.ingress-bonde.ewp.live,,https://co-bccd2c.ingress-bonde.ewp.live/po/home/recibir_paquete.php,,,90.0,Generico,,15.0,"logistica | generico | Smishing paquete | free_hosting;marca_en_path;spanish_token | score=15, signals=spanish_brand:ing;spanish_token:paquete;spanish_token:recibir;brand_and_spanish_ | confianza=90 (ruido=10%)",Logística,1.0,,10.0
1,,Logística,train_val,correos-b69ce7.ingress-daribow.ewp.live,,https://correos-b69ce7.ingress-daribow.ewp.live/correos.spania/correos/coress/coress/manage/sms/sms2.html,,,90.0,Correos,,15.0,"logistica | correos | Smishing paquete | free_hosting;marca_en_path;spanish_token | score=15, signals=spanish_brand:ing;spanish_brand:correos;spanish_token:sms;brand_and_spanish_toke | confianza=90 (ruido=10%)",Logística,1.0,,10.0
1,,Logística,train_val,correosespana-b4c727.ingress-earth.ewp.live,,https://correosespana-b4c727.ingress-earth.ewp.live/auth/erreur-sms.php,,,90.0,Correos,,15.0,"logistica | correos | Smishing paquete | free_hosting;marca_en_path;spanish_token | score=15, signals=spanish_brand:ing;spanish_brand:correos;spanish_token:sms;brand_and_spanish_toke | confianza=90 (ruido=10%)",Logística,1.0,,10.0
1,,Logística,train_val,correos-expresse-673ba7.ingress-baronn.ewp.live,,https://correos-expresse-673ba7.ingress-baronn.ewp.live/correos/correopin/manage,,,90.0,Correos,,15.0,"logistica | correos | Smishing paquete | free_hosting;marca_en_path;spanish_token | score=15, signals=spanish_brand:ing;spanish_brand:correos;spanish_token:pin;brand_and_spanish_toke | confianza=90 (ruido=10%)",Logística,1.0,,10.0
1,,Logística,train_val,correosinfoweb.tempurl.host,,https://correosinfoweb.tempurl.host/infoswebservicios/recibir_paquete.php,,,90.0,Correos,,15.0,"logistica | correos | Smishing paquete | marca_en_path;spanish_token | score=15, signals=spanish_brand:correos;spanish_token:paquete;spanish_token:recibir;spanish_hostin | confianza=90 (ruido=10%)",Logística,1.0,,10.0
1,,Logística,train_val,demo2.cloudwp.dev,,https://demo2.cloudwp.dev/trial-2tt3605y/correos/recibir_paquete.php,,,90.0,Correos,,15.0,"logistica | correos | Smishing paquete | marca_en_path;spanish_token | score=15, signals=spanish_brand:correos;spanish_token:paquete;spanish_token:recibir;brand_and_span | confianza=90 (ruido=10%)",Logística,1.0,,10.0
1,,Administración pública,train_val,multas-dgt34-cat-ripaille38158623.codeanyapp.com,,https://multas-dgt34-cat-ripaille38158623.codeanyapp.com/h/sd/infospage.php,,,90.0,DGT,,12.0,"publico | dgt | Multa | marca_en_path;spanish_token | score=12, signals=spanish_brand:dgt;spanish_token:multa;spanish_hosting:codeanyapp.com;brand_and_s | confianza=90 (ruido=10%)",Administración pública,1.0,,10.0
1,,Genérico / Otros,train_val,servicioelportal-particulare-bc8925.ingress-daribow.ewp.live,,https://servicioelportal-particulare-bc8925.ingress-daribow.ewp.live/anonos/corios/cliente/es/bienvenido%20a%20correos.es%20-%20el%20portal%20online%20de%20correos.html,,,90.0,Generico,,20.0,"genreico | generico | Smishing paquete | free_hosting;marca_en_path;spanish_token | score=20, signals=spanish_brand:ing;spanish_brand:correos;spanish_token:cliente;spanish_token:port | confianza=90 (ruido=10%)",Genérico / Otros,1.0,,10.0
1,,Genérico / Otros,train_val,alertanotificacionesdinamicos.com,,http://alertanotificacionesdinamicos.com/verificacion/estado/ingreso/proceso/estimado/sucarsal/index.php,,,90.0,Generico,,14.0,"general | generico | Verificación | marca_en_path;spanish_token | score=14, signals=spanish_brand:ing;spanish_token:verificacion;spanish_token:notificacion;spanish_ | confianza=90 (ruido=10%)",Genérico / Otros,1.0,,10.0
1,,Genérico / Otros,train_val,clientes-servicio-b9f795.ingress-earth.ewp.live,,https://clientes-servicio-b9f795.ingress-earth.ewp.live/parkospx/clients/login.php,,,90.0,Generico,,14.0,"generico | generico | Login | free_hosting;marca_en_path;spanish_token | score=14, signals=spanish_brand:ing;spanish_token:cliente;spanish_token:clientes;spanish_token:log | confianza=90 (ruido=10%)",Genérico / Otros,1.0,,10.0
1,,Genérico / Otros,train_val,mi-cuenta-informacion-b58175.ingress-baronn.ewp.live,,https://mi-cuenta-informacion-b58175.ingress-baronn.ewp.live/es/access/clients/login.php,,,90.0,Generico,,14.0,"generico | generico | Login | free_hosting;marca_en_path;spanish_token | score=14, signals=spanish_brand:ing;spanish_token:login;spanish_token:cuenta;spanish_token:forma;b | confianza=90 (ruido=10%)",Genérico / Otros,1.0,,10.0
1,,Genérico / Otros,train_val,2333-b5e370.ingress-earth.ewp.live,,https://2333-b5e370.ingress-earth.ewp.live/acceso/es/clients/login.php?verification,,,90.0,Generico,,13.0,"generico | generico | Verificación | free_hosting;marca_en_path;spanish_token | score=13, signals=spanish_brand:ing;spanish_token:acceso;spanish_token:login;brand_and_spanish_tok | confianza=90 (ruido=10%)",Genérico / Otros,1.0,,10.0
1,,Logística,train_val,e-1-ba384c.ingress-florina.ewp.live,,https://e-1-ba384c.ingress-florina.ewp.live/c/cs/recibir_paquete.php,,,90.0,Generico,,15.0,"logistica | generico | Smishing paquete | free_hosting;marca_en_path;spanish_token | score=15, signals=spanish_brand:ing;spanish_token:paquete;spanish_token:recibir;brand_and_spanish_ | confianza=90 (ruido=10%)",Logística,1.0,,10.0
1,,Logística,train_val,paquetesdeaduanasdnsarmy-b85505.ingress-daribow.ewp.live,,https://paquetesdeaduanasdnsarmy-b85505.ingress-daribow.ewp.live/pagoconyfirmacion,,,90.0,Generico,,15.0,"logistica | generico | Pago | free_hosting;marca_en_path;spanish_token | score=15, signals=spanish_brand:ing;spanish_token:pago;spanish_token:paquete;spanish_token:paquete | confianza=90 (ruido=10%)",Logística,1.0,,10.0
1,,Logística,train_val,particulares-es-2-bb00c9.ingress-bonde.ewp.live,,https://particulares-es-2-bb00c9.ingress-bonde.ewp.live/correos-es/es/correos%20express.html,,,90.0,Correos,,15.0,"logistica | correos | Smishing paquete | free_hosting;marca_en_path;spanish_token | score=15, signals=spanish_brand:ing;spanish_brand:correos;spanish_token:particulares;brand_and_spa | confianza=90 (ruido=10%)",Logística,1.0,,10.0
1,,Logística,train_val,service-3-b3490c.ingress-comporellon.ewp.live,,https://service-3-b3490c.ingress-comporellon.ewp.live/aa/recibir_paquete.php,,,90.0,Generico,,15.0,"logistica | generico | Smishing paquete | free_hosting;marca_en_path;spanish_token | score=15, signals=spanish_brand:ing;spanish_token:paquete;spanish_token:recibir;brand_and_spanish_ | confianza=90 (ruido=10%)",Logística,1.0,,10.0
1,,Logística,train_val,support-services.tempurl.host,,https://support-services.tempurl.host/es/correos/recibir_paquete.php,,,90.0,Correos,,15.0,"logistica | correos | Smishing paquete | marca_en_path;spanish_token | score=15, signals=spanish_brand:correos;spanish_token:paquete;spanish_token:recibir;spanish_hostin | confianza=90 (ruido=10%)",Logística,1.0,,10.0
1,,Logística,train_val,track2022-bf075e.ingress-daribow.ewp.live,,https://track2022-bf075e.ingress-daribow.ewp.live/12/recibir_paquete.php,,,90.0,Generico,,15.0,"logistica | generico | Smishing paquete | free_hosting;marca_en_path;spanish_token | score=15, signals=spanish_brand:ing;spanish_token:paquete;spanish_token:recibir;brand_and_spanish_ | confianza=90 (ruido=10%)",Logística,1.0,,10.0
1,,Logística,train_val,zsdjfjza-b1246e.ingress-florina.ewp.live,,https://zsdjfjza-b1246e.ingress-florina.ewp.live/correos/cuenta/clients/cc.php?verification,,,90.0,Correos,,15.0,"logistica | correos | Verificación | free_hosting;marca_en_path;spanish_token | score=15, signals=spanish_brand:ing;spanish_brand:correos;spanish_token:cuenta;brand_and_spanish_t | confianza=90 (ruido=10%)",Logística,1.0,,10.0
1,,Logística,train_val,correos.es-es-es-herramientas-localizador-envios.u962745a2w.ha005.t.justns.ru,,http://correos.es-es-es-herramientas-localizador-envios.u962745a2w.ha005.t.justns.ru/71da2eb1bb4778f/sms/index.html,,,90.0,Correos,,14.0,"logistica | correos | Smishing paquete | marca_en_path;spanish_token | score=14, signals=spanish_brand:correos;spanish_token:envio;spanish_token:sms;spanish_marker:.es;b | confianza=90 (ruido=10%)",Logística,1.0,,10.0
1,,Logística,train_val,oficinacorreos.page.link,,http://oficinacorreos.page.link/es,,,90.0,Correos,,14.0,"logistica | correos | Smishing paquete | marca_en_path;spanish_token | score=14, signals=spanish_brand:correos;spanish_token:oficina;spanish_hosting:page.link;brand_and_ | confianza=90 (ruido=10%)",Logística,1.0,,10.0
1,,Logística,train_val,amgmarketing.org,,https://amgmarketing.org/correos/pagomentee/pagomente/recibir_paquete.php,,,90.0,Correos,,14.0,"logistica | correos | Pago | marca_en_path;spanish_token | score=14, signals=spanish_brand:ing;spanish_brand:correos;spanish_token:pago;spanish_token:paquete | confianza=90 (ruido=10%)",Logística,1.0,,10.0
1,,Logística,train_val,coreosnotification-b7bd01.ingress-erytho.ewp.live,,https://coreosnotification-b7bd01.ingress-erytho.ewp.live/manage/sms/sms2.html,,,90.0,Correos,,14.0,"logistica | correos | Login | free_hosting;marca_en_path;spanish_token | score=14, signals=spanish_brand:ing;spanish_token:sms;brand_and_spanish_token_boost;path_verificat | confianza=90 (ruido=10%)",Logística,1.0,,10.0
1,,Logística,train_val,correos-dev.tempurl.host,,https://correos-dev.tempurl.host/es/manage/sms/sms2.html,,,90.0,Correos,,14.0,"logistica | correos | Smishing paquete | marca_en_path;spanish_token | score=14, signals=spanish_brand:correos;spanish_token:sms;spanish_hosting:tempurl.host;brand_and_s | confianza=90 (ruido=10%)",Logística,1.0,,10.0
1,,Logística,train_val,correosinfolog.tempurl.host,,https://correosinfolog.tempurl.host/info/net/manage/sms/sms2.html,,,90.0,Correos,,14.0,"logistica | correos | Smishing paquete | marca_en_path;spanish_token | score=14, signals=spanish_brand:correos;spanish_token:sms;spanish_hosting:tempurl.host;brand_and_s | confianza=90 (ruido=10%)",Logística,1.0,,10.0
1,,Logística,train_val,corrreos-bc3f77.ingress-comporellon.ewp.live,,https://corrreos-bc3f77.ingress-comporellon.ewp.live/corex%20%20not%20edit/auth/erreur-sms.php,,,90.0,Correos,,14.0,"logistica | correos | Login | free_hosting;marca_en_path;spanish_token | score=14, signals=spanish_brand:ing;spanish_token:sms;brand_and_spanish_token_boost;path_verificat | confianza=90 (ruido=10%)",Logística,1.0,,10.0
1,,Logística,train_val,www.redwood-consulting.com,,https://www.redwood-consulting.com/particulares/correos.es-es/detalle.php,,,90.0,Correos,,14.0,"logistica | correos | Smishing paquete | marca_en_path;spanish_token | score=14, signals=spanish_brand:ing;spanish_brand:correos;spanish_token:particulares;spanish_marke | confianza=90 (ruido=10%)",Logística,1.0,,10.0
1,,Genérico / Otros,train_val,acceso-ba004e.ingress-baronn.ewp.live,,https://acceso-ba004e.ingress-baronn.ewp.live/acceso-es/clients/login.php,,,90.0,Generico,,13.0,"generico | generico | Login | free_hosting;marca_en_path;spanish_token | score=13, signals=spanish_brand:ing;spanish_token:acceso;spanish_token:login;brand_and_spanish_tok | confianza=90 (ruido=10%)",Genérico / Otros,1.0,,10.0
1,,Genérico / Otros,train_val,appvirtual.cloudbanshag.cloud,,https://appvirtual.cloudbanshag.cloud/verificacion/mua/waiting/scis/j6unvhzsitlyrxstpnfun4tssjgejkn7dldp6fxsjfxo/3d/no-back-button,,,90.0,Generico,,13.0,"generico | generico | Verificación | kit_3dsecure;marca_en_path;spanish_token | score=13, signals=spanish_brand:ing;spanish_token:verificacion;spanish_token:verificacion;brand_an | confianza=90 (ruido=10%)",Genérico / Otros,1.0,,10.0
1,,Genérico / Otros,train_val,bixtnet-c439fe.ingress-erytho.ewp.live,,https://bixtnet-c439fe.ingress-erytho.ewp.live/movile/home/particulares.php,,,90.0,Generico,,13.0,"generico | generico | Login | free_hosting;marca_en_path;spanish_token | score=13, signals=spanish_brand:ing;spanish_token:movil;spanish_token:particulares;brand_and_spani | confianza=90 (ruido=10%)",Genérico / Otros,1.0,,10.0
1,,Banca,train_val,caixabank.es.cosmoinnovations.com,,https://caixabank.es.cosmoinnovations.com/caixa-vbve_final/caixa-vbv/caixa-vbv/caixa-vbvfinal/home/espera2.html,,,90.0,CaixaBank,,13.0,"banca | caixaBank | Login | marca_en_path;spanish_token | score=13, signals=spanish_brand:caixabank;spanish_token:espera;spanish_marker:.es;brand_and_spanis | confianza=90 (ruido=10%)",Banca,1.0,,10.0
1,,Banca,train_val,caixabank.es.sabadent.ir,,https://caixabank.es.sabadent.ir/particular/holabank/online-banking/surf3.php?cmd=login_submit&id=8fef5d7f641561f369823443d4425a048fef5d7f641561f369823443d4425a04&session=8fef5d7f641561f369823443d4425a048fef5d7f641561f369823443d4425a04,,,90.0,CaixaBank,,13.0,"banca | caixaBank | Verificación | kit_3dsecure;marca_en_path;spanish_token | score=13, signals=spanish_brand:caixabank;spanish_brand:ing;spanish_token:login;spanish_marker:.es | confianza=90 (ruido=10%)",Banca,1.0,,10.0
1,,Banca,train_val,caixbk-b947df.ingress-comporellon.ewp.live,,https://caixbk-b947df.ingress-comporellon.ewp.live/accesoo/acceso/es/clients/login.php?verification,,,90.0,CaixaBank,,13.0,"banca | caixaBank | Verificación | free_hosting;marca_en_path;spanish_token | score=13, signals=spanish_brand:ing;spanish_token:acceso;spanish_token:login;brand_and_spanish_tok | confianza=90 (ruido=10%)",Banca,1.0,,10.0
1,,Banca,train_val,caxialoop16accessseoclientoe-b5633c.ingress-earth.ewp.live,,https://caxialoop16accessseoclientoe-b5633c.ingress-earth.ewp.live/apoyo/home/espera2.html,,,90.0,CaixaBank,,13.0,"banca | caixabank | Login | free_hosting;marca_en_path;spanish_token | score=13, signals=spanish_brand:ing;spanish_token:espera;brand_and_spanish_token_boost;path_verifi | confianza=90 (ruido=10%)",Banca,1.0,,10.0
1,,Genérico / Otros,train_val,confirmacion-cuenta-1-9cd542.ingress-comporellon.easywp.com,,https://confirmacion-cuenta-1-9cd542.ingress-comporellon.easywp.com/mi-cuenta/acceso/es/clients/login.php,,,90.0,Generico,,13.0,"generico | generico | Confirmación | free_hosting;marca_en_path;spanish_token | score=13, signals=spanish_brand:ing;spanish_token:acceso;spanish_token:login;spanish_token:confirm | confianza=90 (ruido=10%)",Genérico / Otros,1.0,,10.0
1,,Logística,train_val,correospaquette-bcfe8c.ingress-florina.ewp.live,,https://correospaquette-bcfe8c.ingress-florina.ewp.live/pagomente_spain,,,90.0,Correos,,13.0,"logistica | correos | Pago | free_hosting;marca_en_path;spanish_token | score=13, signals=spanish_brand:ing;spanish_brand:correos;spanish_token:pago;brand_and_spanish_tok | confianza=90 (ruido=10%)",Logística,1.0,,10.0
1,,Genérico / Otros,train_val,cuentainformacion-b8eb22.ingress-comporellon.ewp.live,,https://cuentainformacion-b8eb22.ingress-comporellon.ewp.live/express/corexbt/auth/billing.php,,,90.0,Generico,,13.0,"generico | generico | Login | free_hosting;marca_en_path;spanish_token | score=13, signals=spanish_brand:ing;spanish_token:cuenta;spanish_token:forma;brand_and_spanish_tok | confianza=90 (ruido=10%)",Genérico / Otros,1.0,,10.0
1,,Banca,train_val,cuenta-informacion-bcbeaf.ingress-daribow.ewp.live,,https://cuenta-informacion-bcbeaf.ingress-daribow.ewp.live/ing/ing/coo.php,,,90.0,ING,,13.0,"banca | ing | Login | free_hosting;marca_en_path;spanish_token | score=13, signals=spanish_brand:ing;spanish_token:cuenta;spanish_token:forma;brand_and_spanish_tok | confianza=90 (ruido=10%)",Banca,1.0,,10.0
1,,Banca,train_val,cuentas.15-237-142-160.cprapid.com,,https://cuentas.15-237-142-160.cprapid.com/bbva_light,,,90.0,BBVA,,13.0,"banca | bbva | Login | marca_en_path;spanish_token | score=13, signals=spanish_brand:bbva;spanish_token:cuenta;spanish_token:cuentas;spanish_hosting:cp | confianza=90 (ruido=10%)",Banca,1.0,,10.0
1,,Banca,train_val,cuentas.170-64-148-61.cprapid.com,,https://cuentas.170-64-148-61.cprapid.com/app/bbva_light,,,90.0,BBVA,,13.0,"banca | bbva | Login | marca_en_path;spanish_token | score=13, signals=spanish_brand:bbva;spanish_token:cuenta;spanish_token:cuentas;spanish_hosting:cp | confianza=90 (ruido=10%)",Banca,1.0,,10.0
1,,Logística,train_val,eniar-codigos-postales-oficinas-user565.codeanyapp.com,,https://eniar-codigos-postales-oficinas-user565.codeanyapp.com/spain/correos/auth,,,90.0,Correos,,13.0,"logistica | correos | Verificación | marca_en_path;spanish_token | score=13, signals=spanish_brand:correos;spanish_token:oficina;spanish_token:codigo;spanish_hosting | confianza=90 (ruido=10%)",Logística,1.0,,10.0
1,,Logística,train_val,seur.mispaquete.com,,http://seur.mispaquete.com/app/recibir/envio-online2/templates/cc.php,,,90.0,Seur,,13.0,"logistica | seur | Smishing paquete | marca_en_path;spanish_token | score=13, signals=spanish_brand:seur;spanish_token:envio;spanish_token:paquete;spanish_token:recib | confianza=90 (ruido=10%)",Logística,1.0,,10.0
1,,Genérico / Otros,train_val,informacion-cliente-spainespain34122306.codeanyapp.com,,https://informacion-cliente-spainespain34122306.codeanyapp.com/cr/ss/corr/billing.php,,,90.0,Generico,,13.0,"generico | generico | Login | marca_en_path;spanish_token | score=13, signals=spanish_brand:ing;spanish_token:cliente;spanish_token:forma;spanish_hosting:code | confianza=90 (ruido=10%)",Genérico / Otros,1.0,,10.0
1,,Logística,train_val,loikolaka-1.builderallwppro.com,,https://loikolaka-1.builderallwppro.com/correosi/vv/cors/pagomente/recibir_paquete.php,,,90.0,Correos,,13.0,"logistica | correos | Pago | marca_en_path;spanish_token | score=13, signals=spanish_brand:correos;spanish_token:pago;spanish_token:paquete;spanish_token:rec | confianza=90 (ruido=10%)",Logística,1.0,,10.0
1,,Banca,train_val,nowsantaempresas-bc7376.ingress-comporellon.ewp.live,,https://nowsantaempresas-bc7376.ingress-comporellon.ewp.live/sant/actualizacion/home/particulares.php,,,90.0,Santander,,13.0,"banca | santander | Login | free_hosting;marca_en_path;spanish_token | score=13, signals=spanish_brand:ing;spanish_token:actualizacion;spanish_token:particulares;brand_a | confianza=90 (ruido=10%)",Banca,1.0,,10.0
1,,Banca,train_val,particulares-bancosantander.codeanyapp.com,,https://particulares-bancosantander.codeanyapp.com/zepek/iniciar.php,,,90.0,Santander,,13.0,"banca | santander | Login | marca_en_path;spanish_token | score=13, signals=spanish_brand:santander;spanish_token:banco;spanish_token:particulares;spanish_h | confianza=90 (ruido=10%)",Banca,1.0,,10.0
1,,Banca,train_val,particulares-bancosantander-es-beyogal852715907.codeanyapp.com,,https://particulares-bancosantander-es-beyogal852715907.codeanyapp.com/es/index.php,,,90.0,Santander,,13.0,"banca | santander | Login | marca_en_path;spanish_token | score=13, signals=spanish_brand:santander;spanish_token:banco;spanish_token:particulares;spanish_h | confianza=90 (ruido=10%)",Banca,1.0,,10.0
1,,Banca,train_val,particulares-bancosantander-es.preview-domain.com,,https://particulares-bancosantander-es.preview-domain.com/xx/santa_presi,,,90.0,Santander,,13.0,"banca | santander | Login | marca_en_path;spanish_token | score=13, signals=spanish_brand:santander;spanish_token:banco;spanish_token:particulares;spanish_h | confianza=90 (ruido=10%)",Banca,1.0,,10.0
1,,Genérico / Otros,train_val,particulares-es-1-bd5e31.ingress-daribow.ewp.live,,https://particulares-es-1-bd5e31.ingress-daribow.ewp.live/particulares/clients/login.php?f2828d9d,,,90.0,Generico,,13.0,"generico | generico | Login | free_hosting;marca_en_path;spanish_token | score=13, signals=spanish_brand:ing;spanish_token:login;spanish_token:particulares;brand_and_spani | confianza=90 (ruido=10%)",Genérico / Otros,1.0,,10.0
1,,Genérico / Otros,train_val,particulares-es-b965d0.ingress-comporellon.ewp.live,,https://particulares-es-b965d0.ingress-comporellon.ewp.live/es-parti/clients/login.php,,,90.0,Generico,,13.0,"generico | generico | Login | free_hosting;marca_en_path;spanish_token | score=13, signals=spanish_brand:ing;spanish_token:login;spanish_token:particulares;brand_and_spani | confianza=90 (ruido=10%)",Genérico / Otros,1.0,,10.0
1,,Banca,train_val,personal-santanders-pago-movil-es-app-subscriptions.codeanyapp.com,,https://personal-santanders-pago-movil-es-app-subscriptions.codeanyapp.com/santaaa/iniciar.php,,,90.0,Santander,,13.0,"banca | santander | Pago | marca_en_path;spanish_token | score=13, signals=spanish_brand:santander;spanish_token:pago;spanish_token:movil;spanish_hosting:c | confianza=90 (ruido=10%)",Banca,1.0,,10.0
1,,Banca,train_val,portalxciaxaparticularesloc16-b3cb76.ingress-florina.ewp.live,,https://portalxciaxaparticularesloc16-b3cb76.ingress-florina.ewp.live/m8/home,,,90.0,CaixaBank,,13.0,"banca | caixabank | Login | free_hosting;marca_en_path;spanish_token | score=13, signals=spanish_brand:ing;spanish_token:portal;spanish_token:particulares;brand_and_span | confianza=90 (ruido=10%)",Banca,1.0,,10.0
1,,Banca,train_val,servicio-cliente-st-b9fc89.ingress-baronn.ewp.live,,https://servicio-cliente-st-b9fc89.ingress-baronn.ewp.live/santapage1edite/login.php,,,90.0,Santander,,13.0,"banca | santander | Login | free_hosting;marca_en_path;spanish_token | score=13, signals=spanish_brand:ing;spanish_token:cliente;spanish_token:login;brand_and_spanish_to | confianza=90 (ruido=10%)",Banca,1.0,,10.0
1,,Banca,train_val,sistemaactivada-bb172f.ingress-earth.ewp.live,,https://sistemaactivada-bb172f.ingress-earth.ewp.live/cuenta/home/particulares.php,,,90.0,Generico,,13.0,"banca | generico | Login | free_hosting;marca_en_path;spanish_token | score=13, signals=spanish_brand:ing;spanish_token:cuenta;spanish_token:particulares;brand_and_span | confianza=90 (ruido=10%)",Banca,1.0,,10.0
1,,Banca,train_val,sncrly-bbva.xyz,,https://sncrly-bbva.xyz/bbva/area_cliente/smsconfirmacionerreur.html,,,90.0,BBVA,,13.0,"banca | bbva | Confirmación | marca_en_path;spanish_token | score=13, signals=spanish_brand:bbva;spanish_token:cliente;spanish_token:confirmacion;spanish_toke | confianza=90 (ruido=10%)",Banca,1.0,,10.0
1,,Genérico / Otros,train_val,supanort22-baa4c7.ingress-erytho.ewp.live,,https://supanort22-baa4c7.ingress-erytho.ewp.live/aaccesoo/acceso/es/clients/login.php,,,90.0,Generico,,13.0,"generico | generico | Login | free_hosting;marca_en_path;spanish_token | score=13, signals=spanish_brand:ing;spanish_token:acceso;spanish_token:login;brand_and_spanish_tok | confianza=90 (ruido=10%)",Genérico / Otros,1.0,,10.0
1,,Genérico / Otros,train_val,supoertas22-bb468f.ingress-bonde.ewp.live,,https://supoertas22-bb468f.ingress-bonde.ewp.live/acceso/acceso/es/clients/login.php?verification,,,90.0,Generico,,13.0,"generico | generico | Verificación | free_hosting;marca_en_path;spanish_token | score=13, signals=spanish_brand:ing;spanish_token:acceso;spanish_token:login;brand_and_spanish_tok | confianza=90 (ruido=10%)",Genérico / Otros,1.0,,10.0
1,,Genérico / Otros,train_val,suponsoo22-ba6aa2.ingress-florina.ewp.live,,https://suponsoo22-ba6aa2.ingress-florina.ewp.live/accesooo/acceso/es/clients/login.php,,,90.0,Generico,,13.0,"generico | generico | Login | free_hosting;marca_en_path;spanish_token | score=13, signals=spanish_brand:ing;spanish_token:acceso;spanish_token:login;brand_and_spanish_tok | confianza=90 (ruido=10%)",Genérico / Otros,1.0,,10.0
1,,Genérico / Otros,train_val,suponsoro22-ba9799.ingress-daribow.ewp.live,,https://suponsoro22-ba9799.ingress-daribow.ewp.live/acceesoo/acceso/es/clients/login.php,,,90.0,Generico,,13.0,"generico | generico | Login | free_hosting;marca_en_path;spanish_token | score=13, signals=spanish_brand:ing;spanish_token:acceso;spanish_token:login;brand_and_spanish_tok | confianza=90 (ruido=10%)",Genérico / Otros,1.0,,10.0
1,,Logística,train_val,web-5.builderallwppro.com,,https://web-5.builderallwppro.com/necorreos/vv/cors/pagomente/recibir_paquete.php,,,90.0,Correos,,13.0,"logistica | correos | Pago | marca_en_path;spanish_token | score=13, signals=spanish_brand:correos;spanish_token:pago;spanish_token:paquete;spanish_token:rec | confianza=90 (ruido=10%)",Logística,1.0,,10.0
1,,Banca,train_val,wififpt.com.vn,,https://wififpt.com.vn/es/bankia.es/es/acceso-clientes/acceso-clientes/es/loading.php?link=info,,,90.0,Bankia,,13.0,"banca | bankia | Login | marca_en_path;spanish_token | score=13, signals=spanish_brand:ing;spanish_token:cliente;spanish_token:clientes;spanish_token:acc | confianza=90 (ruido=10%)",Banca,1.0,,10.0
1,,Logística,train_val,www.mobile.kinman.com,,https://www.mobile.kinman.com/.well-known/acme-challenge/xb3rlin-finalcorreos/pagomente/pagomente/recibir_paquete.php,,,90.0,Correos,,13.0,"logistica | correos | Pago | marca_en_path;spanish_token | score=13, signals=spanish_brand:correos;spanish_token:pago;spanish_token:paquete;spanish_token:rec | confianza=90 (ruido=10%)",Logística,1.0,,10.0
1,,Genérico / Otros,train_val,webseguridadcuenta-9e626b.ingress-bonde.easywp.com,,http://webseguridadcuenta-9e626b.ingress-bonde.easywp.com/cuenta/eses/auth/access/clients/sms.php?error=1&verification=,,,90.0,Generico,,13.0,"generico | generico | Verificación | free_hosting;marca_en_path;spanish_token | score=13, signals=spanish_brand:ing;spanish_token:seguridad;spanish_token:cuenta;spanish_token:sms | confianza=90 (ruido=10%)",Genérico / Otros,1.0,,10.0
1,,Logística,train_val,wingerdgastehuis.co.za,,http://wingerdgastehuis.co.za/Bienvenido%20a%20Correos.es%20-%20El%20Portal%20Online%20de%20Correos.html,,,90.0,Correos,,13.0,"logistica | correos | Smishing paquete | marca_en_path;spanish_token | score=13, signals=spanish_brand:ing;spanish_brand:correos;spanish_token:portal;spanish_marker:.es; | confianza=90 (ruido=10%)",Logística,1.0,,10.0
1,,Banca,train_val,122.114.173.242:30,,http://122.114.173.242:30/bancosantander.es/particulares.php,,,90.0,Santander,,12.0,"banca | santander | Login | marca_en_path;spanish_token | score=12, signals=spanish_brand:santander;spanish_token:banco;spanish_token:particulares;spanish_m | confianza=90 (ruido=10%)",Banca,1.0,,10.0
1,,Banca,train_val,dinamicaenlineatusucursal.com,,http://dinamicaenlineatusucursal.com/verificacion/estado/ingreso/proceso/estimado/sucarsal,,,90.0,Generico,,12.0,"banca | generico | Verificación | marca_en_path;spanish_token | score=12, signals=spanish_brand:ing;spanish_token:verificacion;spanish_token:verificacion;brand_an | confianza=90 (ruido=10%)",Banca,1.0,,10.0
1,,Logística,train_val,envios-sinotrans-correos.com,,http://envios-sinotrans-correos.com/seguimiento/pagomentaes/recibir_paquete.php,,,90.0,Correos,,12.0,"logistica | correos | Pago | marca_en_path;spanish_token | score=12, signals=spanish_brand:correos;spanish_token:pago;spanish_token:envio;spanish_token:paque | confianza=90 (ruido=10%)",Logística,1.0,,10.0
1,,Logística,train_val,go.vpscairo.com,,http://go.vpscairo.com/vpscairo_files/core/ess/bienvenido%20a%20correos.es%20-%20el%20portal%20online%20de%20correos.html,,,90.0,Correos,,12.0,"logistica | correos | Smishing paquete | marca_en_path;spanish_token | score=12, signals=spanish_brand:correos;spanish_token:portal;spanish_marker:.es;brand_and_spanish_ | confianza=90 (ruido=10%)",Logística,1.0,,10.0
1,,Banca,train_val,ing-banco.es.swtest.ru,,http://ing-banco.es.swtest.ru/ing/ing/sms_code_error.php,,,90.0,ING,,12.0,"banca | ing | Login | marca_en_path;spanish_token | score=12, signals=spanish_brand:ing;spanish_token:banco;spanish_token:sms;spanish_marker:.es;brand | confianza=90 (ruido=10%)",Banca,1.0,,10.0
1,,Banca,train_val,kiddofeedo.com,,http://kiddofeedo.com/vip/images/gruposantander/home/sms_codigo,,,90.0,Santander,,12.0,"banca | santander | Verificación | marca_en_path;spanish_token | score=12, signals=spanish_brand:santander;spanish_token:codigo;spanish_token:sms;brand_and_spanish | confianza=90 (ruido=10%)",Banca,1.0,,10.0
1,,Banca,train_val,magento-421793-1325519.cloudwaysapps.com,,http://magento-421793-1325519.cloudwaysapps.com/ing%20-%20banco%20online%20sin%20comisiones12/sms.html,,,90.0,ING,,12.0,"banca | ing | Login | marca_en_path;spanish_token | score=12, signals=spanish_brand:ing;spanish_token:banco;spanish_token:sms;brand_and_spanish_token_ | confianza=90 (ruido=10%)",Banca,1.0,,10.0
1,,Logística,train_val,mooneygroup-it.builderallwppro.com,,http://mooneygroup-it.builderallwppro.com/correos/recibir_paquete.php,,,90.0,Correos,,12.0,"logsitica | correos | Smishing paquete | marca_en_path;spanish_token | score=12, signals=spanish_brand:correos;spanish_token:paquete;spanish_token:recibir;brand_and_span | confianza=90 (ruido=10%)",Logística,1.0,,10.0
1,,Banca,train_val,ngievsm.beget.tech,,http://ngievsm.beget.tech/icl/ingbanco.es/ing_n/4c95e/code/num/confirmacionmovil.php,,,90.0,ING,,12.0,"banca | ing | Confirmación | marca_en_path;spanish_token | score=12, signals=spanish_brand:ing;spanish_token:confirmacion;spanish_token:banco;spanish_token:m | confianza=90 (ruido=10%)",Banca,1.0,,10.0
1,,Logística,train_val,nuevaentrega-b527a7.ingress-earth.ewp.live,,http://nuevaentrega-b527a7.ingress-earth.ewp.live/amazon,,,90.0,Amazon,,12.0,"logistica | amazon | Login | free_hosting;marca_en_path;spanish_token | score=12, signals=spanish_brand:ing;spanish_token:entrega;brand_and_spanish_token_boost;brand_in_s | confianza=90 (ruido=10%)",Logística,1.0,,10.0
1,,Banca,train_val,0536dd8.wcomhost.com,,https://0536dd8.wcomhost.com/caixabank/particulares_es/home/Tarjeta2.html,,,90.0,CaixaBank,,12.0,"banca | caixaBank | Login | marca_en_path;spanish_token | score=12, signals=spanish_brand:caixabank;spanish_token:tarjeta;spanish_token:particulares;brand_a | confianza=90 (ruido=10%)",Banca,1.0,,10.0
1,,Banca,train_val,accesociaxatarieta-b31c49.ingress-erytho.ewp.live,,https://accesociaxatarieta-b31c49.ingress-erytho.ewp.live/fueoss/home,,,90.0,Generico,,12.0,"banca | generico | Login | free_hosting;marca_en_path;spanish_token | score=12, signals=spanish_brand:ing;spanish_token:acceso;brand_and_spanish_token_boost;brand_in_su | confianza=90 (ruido=10%)",Banca,1.0,,10.0
