url,domain,score_total_v2,inclusion,notas,ruido,confianza,sector,entidad
http://000o8dc.wcomhost.com/www.santanderbanco.es/bancosantander/es/particulares/santander,000o8dc.wcomhost.com,14,1,"banca | santander | Login | marca_en_path;spanish_token | score=14, signals=spanish_brand:santander;spanish_token:banco;spanish_token:particulares;spanish_m | confianza=90 (ruido=10%)",10,90,Banca,Santander
http://044088d.wcomhost.com/www.santanader.es/banco/particulier/santander/santa,044088d.wcomhost.com,13,1,"banca | santander | Login | marca_en_path;spanish_token | score=13, signals=spanish_brand:santander;spanish_token:banco;spanish_marker:.es;brand_and_spanish | confianza=90 (ruido=10%)",10,90,Banca,Santander
http://0c4d4e6.wcomhost.com/banco-santander/particulares/iogin/home/sms_codigo.php,0c4d4e6.wcomhost.com,16,1,"banca | santander | Verificación | marca_en_path;spanish_token | score=16, signals=spanish_brand:santander;spanish_token:banco;spanish_token:particulares;spanish_t | confianza=90 (ruido=10%)",10,90,Banca,Santander
http://122.114.173.242:30/bancosantander.es/particulares.php,122.114.173.242:30,12,1,"banca | santander | Login | marca_en_path;spanish_token | score=12, signals=spanish_brand:santander;spanish_token:banco;spanish_token:particulares;spanish_m | confianza=90 (ruido=10%)",10,90,Banca,Santander
http://alertanotificacionesdinamicos.com/verificacion/estado/ingreso/proceso/estimado/sucarsal/index.php,alertanotificacionesdinamicos.com,14,1,"general | generico | Verificación | marca_en_path;spanish_token | score=14, signals=spanish_brand:ing;spanish_token:verificacion;spanish_token:notificacion;spanish_ | confianza=90 (ruido=10%)",10,90,Genérico,Generico
http://bbvaspaing.temp.swtest.ru/bbva21/bbva/area_cliente/smsconfirmacion.html,bbvaspaing.temp.swtest.ru,13,1,"banca | bbva | Confirmación | marca_en_path;spanish_token | score=13, signals=spanish_brand:bbva;spanish_brand:ing;spanish_token:cliente;spanish_token:confirm | confianza=90 (ruido=10%)",10,90,Banca,BBVA
http://correos.es-es-es-herramientas-localizador-envios.u962745a2w.ha005.t.justns.ru/71da2eb1bb4778f/sms/index.html,correos.es-es-es-herramientas-localizador-envios.u962745a2w.ha005.t.justns.ru,14,1,"logistica | correos | Smishing paquete | marca_en_path;spanish_token | score=14, signals=spanish_brand:correos;spanish_token:envio;spanish_token:sms;spanish_marker:.es;b | confianza=90 (ruido=10%)",10,90,Logística,Correos
http://correos-esxpress.tempurl.host/correos-esxpress.tempurl.host/es/recibir_paquete.php,correos-esxpress.tempurl.host,15,1,"logustuca | correos | Smishing paquete | marca_en_path;spanish_token | score=15, signals=spanish_brand:correos;spanish_token:paquete;spanish_token:recibir;spanish_hostin | confianza=90 (ruido=10%)",10,90,Logística,Correos
http://correos-spain.tempurl.host/es/recibir_paquete.php,correos-spain.tempurl.host,15,1,"logistica | correos | Smishing paquete | marca_en_path;spanish_token | score=15, signals=spanish_brand:correos;spanish_token:paquete;spanish_token:recibir;spanish_hostin | confianza=90 (ruido=10%)",10,90,Logística,Correos
http://dinamicaenlineatusucursal.com/verificacion/estado/ingreso/proceso/estimado/sucarsal,dinamicaenlineatusucursal.com,12,1,"banca | generico | Verificación | marca_en_path;spanish_token | score=12, signals=spanish_brand:ing;spanish_token:verificacion;spanish_token:verificacion;brand_an | confianza=90 (ruido=10%)",10,90,Banca,Generico
http://empresasone-b96935.ingress-comporellon.ewp.live/santander/clients/login.php,empresasone-b96935.ingress-comporellon.ewp.live,14,1,"banca | santander | Login | free_hosting;marca_en_path;spanish_token | score=14, signals=spanish_brand:santander;spanish_brand:ing;spanish_token:login;brand_and_spanish_ | confianza=90 (ruido=10%)",10,90,Banca,Santander
http://envios-sinotrans-correos.com/seguimiento/pagomentaes/recibir_paquete.php,envios-sinotrans-correos.com,12,1,"logistica | correos | Pago | marca_en_path;spanish_token | score=12, signals=spanish_brand:correos;spanish_token:pago;spanish_token:envio;spanish_token:paque | confianza=90 (ruido=10%)",10,90,Logística,Correos
http://go.vpscairo.com/vpscairo_files/core/ess/bienvenido%20a%20correos.es%20-%20el%20portal%20online%20de%20correos.html,go.vpscairo.com,12,1,"logistica | correos | Smishing paquete | marca_en_path;spanish_token | score=12, signals=spanish_brand:correos;spanish_token:portal;spanish_marker:.es;brand_and_spanish_ | confianza=90 (ruido=10%)",10,90,Logística,Correos
http://grupobankintere.com/acces/clientes/a003d5436f4188dd1e668fa476704fc9/bk/smsone.php?assure_boba=false&_pagelabel=as_login_page&connexioncompte_2actionevt=afficher&lieu.x=fr_2561985&9e0d5751b8bf8fc0b9f7488a13b957a8,grupobankintere.com,12,1,"banca | bankinter | Verificación | kit_3dsecure;spanish_token | score=12, signals=spanish_brand:bankinter;spanish_token:cliente;spanish_token:clientes;spanish_tok | confianza=50 (ruido=50%)",50,50,Banca,Bankinter
http://guyanemarketing.com/bancosantander.es/login/firma.php,guyanemarketing.com,16,1,"banca | santander | Login | marca_en_path;spanish_token | score=16, signals=spanish_brand:santander;spanish_brand:ing;spanish_token:login;spanish_token:banc | confianza=90 (ruido=10%)",10,90,Banca,Santander
http://ing-banco.es.swtest.ru/ing/ing/sms_code_error.php,ing-banco.es.swtest.ru,12,1,"banca | ing | Login | marca_en_path;spanish_token | score=12, signals=spanish_brand:ing;spanish_token:banco;spanish_token:sms;spanish_marker:.es;brand | confianza=90 (ruido=10%)",10,90,Banca,ING
http://ing.es-accesospanel.info/loginon.php,ing.es-accesospanel.info,15,1,"banca | ing | Login | marca_en_path;spanish_token | score=15, signals=spanish_brand:ing;spanish_token:acceso;spanish_token:login;spanish_marker:.es;br | confianza=90 (ruido=10%)",10,90,Banca,ING
http://kiddofeedo.com/vip/images/gruposantander/home/sms_codigo,kiddofeedo.com,12,1,"banca | santander | Verificación | marca_en_path;spanish_token | score=12, signals=spanish_brand:santander;spanish_token:codigo;spanish_token:sms;brand_and_spanish | confianza=90 (ruido=10%)",10,90,Banca,Santander
http://loc10cxixaayuodaaccesoae-b40361.ingress-florina.ewp.live/loca4/home/sms2.html,loc10cxixaayuodaaccesoae-b40361.ingress-florina.ewp.live,15,1,"banca | caixaBank | Login | free_hosting;marca_en_path;spanish_token | score=15, signals=spanish_brand:ing;spanish_token:acceso;spanish_token:sms;brand_and_spanish_token | confianza=90 (ruido=10%)",10,90,Banca,CaixaBank
http://loc2.caixabank.es.ay-min.az/gpeticiones;weblogicsession/lacaixa/home/codigo.html,loc2.caixabank.es.ay-min.az,13,1,"banca | caixabank | Verificación | marca_en_path;spanish_token | score=13, signals=spanish_brand:caixabank;spanish_token:codigo;spanish_marker:.es;brand_and_spanis | confianza=90 (ruido=10%)",10,90,Banca,CaixaBank
http://loc4.caixabank.es.gpeticiones.weblogicsession.ay-min.az/lacaixa/home/codigo.html,loc4.caixabank.es.gpeticiones.weblogicsession.ay-min.az,13,1,"banca | caixabank | Verificación | marca_en_path;spanish_token | score=13, signals=spanish_brand:caixabank;spanish_token:codigo;spanish_marker:.es;brand_and_spanis | confianza=90 (ruido=10%)",10,90,Banca,CaixaBank
http://loc52.caixabank.es.lacaixa.actualizar.information.ay-min.az/soporte-directonow/home/codigo.html,loc52.caixabank.es.lacaixa.actualizar.information.ay-min.az,14,1,"banca | caixabank | Verificación | marca_en_path;spanish_token | score=14, signals=spanish_brand:caixabank;spanish_token:forma;spanish_token:codigo;spanish_marker: | confianza=90 (ruido=10%)",10,90,Banca,CaixaBank
http://loveysplace.com/ingdirect.es/02298/sms.html,loveysplace.com,13,1,"banca | ing | Login | marca_en_path;spanish_token | score=13, signals=spanish_brand:ing;spanish_token:sms;spanish_marker:.es;brand_and_spanish_token_b | confianza=90 (ruido=10%)",10,90,Banca,ING
http://magento-421793-1325519.cloudwaysapps.com/ing%20-%20banco%20online%20sin%20comisiones12/sms.html,magento-421793-1325519.cloudwaysapps.com,12,1,"banca | ing | Login | marca_en_path;spanish_token | score=12, signals=spanish_brand:ing;spanish_token:banco;spanish_token:sms;brand_and_spanish_token_ | confianza=90 (ruido=10%)",10,90,Banca,ING
http://mooneygroup-it.builderallwppro.com/correos/recibir_paquete.php,mooneygroup-it.builderallwppro.com,12,1,"logsitica | correos | Smishing paquete | marca_en_path;spanish_token | score=12, signals=spanish_brand:correos;spanish_token:paquete;spanish_token:recibir;brand_and_span | confianza=90 (ruido=10%)",10,90,Logística,Correos
http://ngievsm.beget.tech/icl/ingbanco.es/ing_n/4c95e/code/num/confirmacionmovil.php,ngievsm.beget.tech,12,1,"banca | ing | Confirmación | marca_en_path;spanish_token | score=12, signals=spanish_brand:ing;spanish_token:confirmacion;spanish_token:banco;spanish_token:m | confianza=90 (ruido=10%)",10,90,Banca,ING
http://nuevaentrega-b527a7.ingress-earth.ewp.live/amazon,nuevaentrega-b527a7.ingress-earth.ewp.live,12,1,"logistica | amazon | Login | free_hosting;marca_en_path;spanish_token | score=12, signals=spanish_brand:ing;spanish_token:entrega;brand_and_spanish_token_boost;brand_in_s | confianza=90 (ruido=10%)",10,90,Logística,Amazon
http://oficinacorreos.page.link/es,oficinacorreos.page.link,14,1,"logistica | correos | Smishing paquete | marca_en_path;spanish_token | score=14, signals=spanish_brand:correos;spanish_token:oficina;spanish_hosting:page.link;brand_and_ | confianza=90 (ruido=10%)",10,90,Logística,Correos
http://pagos-correos-del.tempurl.host/es/manage/?view=login&appidkey=fcd00c0656cc490&country=,pagos-correos-del.tempurl.host,14,1,"banca | correos | Pago | marca_en_path;spanish_token | score=14, signals=spanish_brand:correos;spanish_token:pago;spanish_token:pagos;spanish_token:login | confianza=90 (ruido=10%)",10,90,Banca,Correos
http://particulares-bancosantander-es.tempurl.host/es/grupo/home/codigo_incorrecta.php,particulares-bancosantander-es.tempurl.host,16,1,"banca | santander | Verificación | marca_en_path;spanish_token | score=16, signals=spanish_brand:santander;spanish_token:banco;spanish_token:particulares;spanish_t | confianza=90 (ruido=10%)",10,90,Banca,Santander
https://0536dd8.wcomhost.com/caixabank/particulares_es/home/Tarjeta2.html,0536dd8.wcomhost.com,12,1,"banca | caixaBank | Login | marca_en_path;spanish_token | score=12, signals=spanish_brand:caixabank;spanish_token:tarjeta;spanish_token:particulares;brand_a | confianza=90 (ruido=10%)",10,90,Banca,CaixaBank
https://0560db8.wcomhost.com/Caixabank/particulares_es/home/Espera2.html,0560db8.wcomhost.com,14,1,"banca | caixaBank | Login | marca_en_path;spanish_token | score=14, signals=spanish_brand:caixabank;spanish_token:particulares;spanish_token:espera;brand_an | confianza=90 (ruido=10%)",10,90,Banca,CaixaBank
https://064f211.wcomhost.com/caixanew/CaixaBank/particular/GPeticionesPN/Es/home/Espera.html,064f211.wcomhost.com,13,1,"banca | caixaBank | Login | marca_en_path;spanish_token | score=13, signals=spanish_brand:caixabank;spanish_token:espera;brand_and_spanish_token_boost;brand | confianza=90 (ruido=10%)",10,90,Banca,CaixaBank
https://0674b9c.wcomhost.com/CaixaBank/particular/GPeticionesPN/Es/home/Espera.html,0674b9c.wcomhost.com,13,1,"banca | caixaBank | Login | marca_en_path;spanish_token | score=13, signals=spanish_brand:caixabank;spanish_token:espera;brand_and_spanish_token_boost;brand | confianza=90 (ruido=10%)",10,90,Banca,CaixaBank
https://2333-b5e370.ingress-earth.ewp.live/acceso/es/clients/login.php?verification,2333-b5e370.ingress-earth.ewp.live,13,1,"generico | generico | Verificación | free_hosting;marca_en_path;spanish_token | score=13, signals=spanish_brand:ing;spanish_token:acceso;spanish_token:login;brand_and_spanish_tok | confianza=90 (ruido=10%)",10,90,Genérico,Generico
https://acceso-ba004e.ingress-baronn.ewp.live/acceso-es/clients/login.php,acceso-ba004e.ingress-baronn.ewp.live,13,1,"generico | generico | Login | free_hosting;marca_en_path;spanish_token | score=13, signals=spanish_brand:ing;spanish_token:acceso;spanish_token:login;brand_and_spanish_tok | confianza=90 (ruido=10%)",10,90,Genérico,Generico
https://accesociaxatarieta-b31c49.ingress-erytho.ewp.live/fueoss/home,accesociaxatarieta-b31c49.ingress-erytho.ewp.live,12,1,"banca | generico | Login | free_hosting;marca_en_path;spanish_token | score=12, signals=spanish_brand:ing;spanish_token:acceso;brand_and_spanish_token_boost;brand_in_su | confianza=90 (ruido=10%)",10,90,Banca,Generico
https://am-coaching.salamander.dev/caixa/vbv/home/forma.html,am-coaching.salamander.dev,14,1,"banca | caixaBank | Login | marca_en_path;spanish_token | score=14, signals=spanish_brand:ing;spanish_token:forma;brand_and_spanish_token_boost;path_verific | confianza=90 (ruido=10%)",10,90,Banca,CaixaBank
https://amgmarketing.org/correos/pagomentee/pagomente/recibir_paquete.php,amgmarketing.org,14,1,"logistica | correos | Pago | marca_en_path;spanish_token | score=14, signals=spanish_brand:ing;spanish_brand:correos;spanish_token:pago;spanish_token:paquete | confianza=90 (ruido=10%)",10,90,Logística,Correos
https://anularpagosbc.replit.app/mua/waiting/scis/j6unvhzsitlyrxstpnfun4tssjgejkn7dldp6fxsjfxo/3d/no-back-button,anularpagosbc.replit.app,13,1,"banca | generico | Pago | free_hosting;kit_3dsecure;marca_en_path;spanish_token | score=13, signals=spanish_brand:ing;spanish_token:pago;spanish_token:pagos;brand_and_spanish_token, TLD .app | confianza=90 (ruido=10%)",10,90,Banca,Generico
https://apoyo-bcf1dc.ingress-comporellon.ewp.live/apoyo/home/particulares.php,apoyo-bcf1dc.ingress-comporellon.ewp.live,12,1,"generico | generico | Login | free_hosting;marca_en_path;spanish_token | score=12, signals=spanish_brand:ing;spanish_token:particulares;brand_and_spanish_token_boost;brand | confianza=90 (ruido=10%)",10,90,Genérico,Generico
https://app-correos-b5e295.ingress-bonde.ewp.live/bandinter/clients/login.php?verification,app-correos-b5e295.ingress-bonde.ewp.live,12,1,"logistica | correos | Verificación | free_hosting;marca_en_path;spanish_token | score=12, signals=spanish_brand:ing;spanish_brand:correos;spanish_token:login;brand_and_spanish_to | confianza=90 (ruido=10%)",10,90,Logística,Correos
https://apptips.muevbs.com/verificacion-user/mua/waiting/scis/j6unvhzsitlyrxstpnfun4tssjgejkn7dldp6fxsjfxo/3d/no-back-button,apptips.muevbs.com,12,1,"generico | generico | Verificación | kit_3dsecure;marca_en_path;spanish_token | score=12, signals=spanish_brand:ing;spanish_token:verificacion;spanish_token:verificacion;brand_an | confianza=90 (ruido=10%)",10,90,Genérico,Generico
https://appverify.clotingbasicsotre.cloud/verificacion/clave/mua/user/scis/j6unvhzsitlyrxstpnfun4tssjgejkn7dldp6fxsjfxo/3d/no-back-button,appverify.clotingbasicsotre.cloud,12,1,"generico | generico | Verificación | kit_3dsecure;spanish_token | score=12, signals=spanish_brand:ing;spanish_token:verificacion;spanish_token:clave;spanish_token:v | confianza=50 (ruido=50%)",50,50,Genérico,Generico
https://appvirtual.cloudbanshag.cloud/verificacion/mua/waiting/scis/j6unvhzsitlyrxstpnfun4tssjgejkn7dldp6fxsjfxo/3d/no-back-button,appvirtual.cloudbanshag.cloud,13,1,"generico | generico | Verificación | kit_3dsecure;marca_en_path;spanish_token | score=13, signals=spanish_brand:ing;spanish_token:verificacion;spanish_token:verificacion;brand_an | confianza=90 (ruido=10%)",10,90,Genérico,Generico
https://autrasistema-ba63ea.ingress-earth.ewp.live/santander-dro/home/particulares.php,autrasistema-ba63ea.ingress-earth.ewp.live,15,1,"banca | santander | Login | free_hosting;marca_en_path;spanish_token | score=15, signals=spanish_brand:santander;spanish_brand:ing;spanish_token:particulares;brand_and_s | confianza=90 (ruido=10%)",10,90,Banca,Santander
https://bancaonline-bancosantander-es.com/particulares.gruposantander.es/supfpa_ens/firma.html,bancaonline-bancosantander-es.com,12,1,"banca | santander | Login | spanish_token | score=12, signals=spanish_brand:santander;spanish_token:banco;spanish_token:banca;spanish_token:pa | confianza=50 (ruido=50%)",50,50,Banca,Santander
https://bancoing.es.ecoplant.com.co/source/login.php?local=es,bancoing.es.ecoplant.com.co,12,1,"banca | ing | Login | latam_descartado;marca_en_path;spanish_token | score=12, signals=spanish_brand:ing;spanish_token:login;spanish_token:banco;spanish_marker:.es;bra | confianza=90 (ruido=10%)",10,90,Banca,ING
https://banco.online.bbva.146-70-81-49.cprapid.com/bbva-movil/es/index.php,banco.online.bbva.146-70-81-49.cprapid.com,13,1,"banca | bbva | Login | marca_en_path;spanish_token | score=13, signals=spanish_brand:bbva;spanish_token:banco;spanish_token:movil;spanish_hosting:cprap | confianza=90 (ruido=10%)",10,90,Banca,BBVA
https://bancosantander-conocido-comercialmente.authorizeddns.net/aviso.legalcookiesdatos.personalesinformes.legalesservicios.de.pago.tarifas/index.php,bancosantander-conocido-comercialmente.authorizeddns.net,12,1,"banca | santander | Pago | marca_en_path;spanish_token | score=12, signals=spanish_brand:santander;spanish_token:pago;spanish_token:datos;spanish_token:avi | confianza=90 (ruido=10%)",10,90,Banca,Santander
https://bancosantander.es.hotelparadis.es/aviso/03a253e1ba5bba8/login.php?signin,bancosantander.es.hotelparadis.es,13,1,"banca | santander | Login | marca_en_path;spanish_token | score=13, signals=spanish_brand:santander;spanish_token:login;spanish_token:aviso;spanish_token:ba | confianza=90 (ruido=10%)",10,90,Banca,Santander
https://bancosantander-es-online.preview-domain.com/xx/santa_presi/login,bancosantander-es-online.preview-domain.com,13,1,"banca | santander | Login | marca_en_path;spanish_token | score=13, signals=spanish_brand:santander;spanish_token:login;spanish_token:banco;spanish_hosting: | confianza=90 (ruido=10%)",10,90,Banca,Santander
https://bancosantander-firma-es-account-activation-yakuzablyat101350359.codeanyapp.com/online1/particulares/home.php?web=succes&local=_&id=76276442,bancosantander-firma-es-account-activation-yakuzablyat101350359.codeanyapp.com,14,1,"banca | santander | Login | marca_en_path;spanish_token | score=14, signals=spanish_brand:santander;spanish_token:banco;spanish_token:particulares;spanish_t | confianza=90 (ruido=10%)",10,90,Banca,Santander
https://bankia2021-8603e2.ingress-earth.easywp.com/ban/particulares/sms.php,bankia2021-8603e2.ingress-earth.easywp.com,12,1,"banca | bankia | Login | free_hosting;marca_en_path;spanish_token | score=12, signals=spanish_brand:ing;spanish_token:particulares;spanish_token:sms;brand_and_spanish | confianza=90 (ruido=10%)",10,90,Banca,Bankia
https://bbva.es.id8261.info/usuario,bbva.es.id8261.info,14,1,"banca | bbva | Login | marca_en_path;spanish_token | score=14, signals=spanish_brand:bbva;spanish_token:usuario;spanish_marker:.es;brand_and_spanish_to | confianza=90 (ruido=10%)",10,90,Banca,BBVA
https://bestikwa1-bd252f.ingress-earth.ewp.live/santand/home/particulares.php,bestikwa1-bd252f.ingress-earth.ewp.live,12,1,"banca | santander | Login | free_hosting;marca_en_path;spanish_token | score=12, signals=spanish_brand:ing;spanish_token:particulares;brand_and_spanish_token_boost;brand | confianza=90 (ruido=10%)",10,90,Banca,Santander
https://bixtnet-c439fe.ingress-erytho.ewp.live/movile/home/particulares.php,bixtnet-c439fe.ingress-erytho.ewp.live,13,1,"generico | generico | Login | free_hosting;marca_en_path;spanish_token | score=13, signals=spanish_brand:ing;spanish_token:movil;spanish_token:particulares;brand_and_spani | confianza=90 (ruido=10%)",10,90,Genérico,Generico
https://bobo-bc1ece.ingress-erytho.ewp.live/santander/manage/index.html?view=login&appldkey=fcd00c0656cc490&country=ee,bobo-bc1ece.ingress-erytho.ewp.live,14,1,"banca | santander | Login | free_hosting;marca_en_path;spanish_token | score=14, signals=spanish_brand:santander;spanish_brand:ing;spanish_token:login;brand_and_spanish_ | confianza=90 (ruido=10%)",10,90,Banca,Santander
https://cableworld.me/correo.ionos.es/obtener-correos-pendientes/iniciar-sesion/actualizar/3c490f9f5813cb310f1dd3a68d752852/index.php?ntwpblqg82165232227=xrabnjoskiw,cableworld.me,12,1,"logistica | correos | Smishing paquete | marca_en_path;spanish_token | score=12, signals=spanish_brand:correos;spanish_brand:ionos;spanish_token:sesion;spanish_marker:.e | confianza=90 (ruido=10%)",10,90,Logística,Correos
https://caiparticulares-b405fa.ingress-daribow.ewp.live/es/particulares/home,caiparticulares-b405fa.ingress-daribow.ewp.live,12,1,"banca | caixaBank | Login | free_hosting;marca_en_path;spanish_token | score=12, signals=spanish_brand:ing;spanish_token:particulares;brand_and_spanish_token_boost;brand | confianza=90 (ruido=10%)",10,90,Banca,CaixaBank
https://caixabank-es-883f1e.ingress-erytho.easywp.com/particular-tarjetas/auth/access/clients/sms.php?verification,caixabank-es-883f1e.ingress-erytho.easywp.com,13,1,"banca | caixaBank | Verificación | free_hosting;marca_en_path;spanish_token | score=13, signals=spanish_brand:caixabank;spanish_brand:ing;spanish_token:tarjeta;spanish_token:sm | confianza=90 (ruido=10%)",10,90,Banca,CaixaBank
https://caixabank.es.cosmoinnovations.com/caixa-vbve_final/caixa-vbv/caixa-vbv/caixa-vbvfinal/home/espera2.html,caixabank.es.cosmoinnovations.com,13,1,"banca | caixaBank | Login | marca_en_path;spanish_token | score=13, signals=spanish_brand:caixabank;spanish_token:espera;spanish_marker:.es;brand_and_spanis | confianza=90 (ruido=10%)",10,90,Banca,CaixaBank
https://caixabank.es.particular.prohoster.biz/auth/access/clients/sms.php,caixabank.es.particular.prohoster.biz,12,1,"banca | caixaBank | Login | marca_en_path;spanish_token | score=12, signals=spanish_brand:caixabank;spanish_token:sms;spanish_marker:.es;brand_and_spanish_t | confianza=90 (ruido=10%)",10,90,Banca,CaixaBank
https://caixabank.es.sabadent.ir/particular/holabank/online-banking/surf3.php?cmd=login_submit&id=8fef5d7f641561f369823443d4425a048fef5d7f641561f369823443d4425a04&session=8fef5d7f641561f369823443d4425a048fef5d7f641561f369823443d4425a04,caixabank.es.sabadent.ir,13,1,"banca | caixaBank | Verificación | kit_3dsecure;marca_en_path;spanish_token | score=13, signals=spanish_brand:caixabank;spanish_brand:ing;spanish_token:login;spanish_marker:.es | confianza=90 (ruido=10%)",10,90,Banca,CaixaBank
https://caixa-confirmacion-974baa.ingress-florina.easywp.com/mi-cuenta/acceso/es/clients/app.php?verification,caixa-confirmacion-974baa.ingress-florina.easywp.com,12,1,"banca | caixaBank | Verificación | free_hosting;marca_en_path;spanish_token | score=12, signals=spanish_brand:ing;spanish_token:acceso;spanish_token:confirmacion;spanish_token: | confianza=90 (ruido=10%)",10,90,Banca,CaixaBank
https://caixbk-b947df.ingress-comporellon.ewp.live/accesoo/acceso/es/clients/login.php?verification,caixbk-b947df.ingress-comporellon.ewp.live,13,1,"banca | caixaBank | Verificación | free_hosting;marca_en_path;spanish_token | score=13, signals=spanish_brand:ing;spanish_token:acceso;spanish_token:login;brand_and_spanish_tok | confianza=90 (ruido=10%)",10,90,Banca,CaixaBank
https://cajamaes-77975b.ingress-baronn.easywp.com/acceso/clients/technique/codigoservletoperation.html,cajamaes-77975b.ingress-baronn.easywp.com,12,1,"banca | generico | Verificación | free_hosting;marca_en_path;spanish_token | score=12, signals=spanish_brand:ing;spanish_token:acceso;spanish_token:codigo;brand_and_spanish_to | confianza=90 (ruido=10%)",10,90,Banca,Generico
https://carreforpass-9c9466.ingress-comporellon.ewp.live/caixa/acceso/es/clients/app.php,carreforpass-9c9466.ingress-comporellon.ewp.live,12,1,"banca | caixabank | Login | free_hosting;marca_en_path;spanish_token | score=12, signals=spanish_brand:ing;spanish_token:acceso;brand_and_spanish_token_boost;brand_in_su | confianza=90 (ruido=10%)",10,90,Banca,CaixaBank
https://caxialoop16accessseoclientoe-b5633c.ingress-earth.ewp.live/apoyo/home/espera2.html,caxialoop16accessseoclientoe-b5633c.ingress-earth.ewp.live,13,1,"banca | caixabank | Login | free_hosting;marca_en_path;spanish_token | score=13, signals=spanish_brand:ing;spanish_token:espera;brand_and_spanish_token_boost;path_verifi | confianza=90 (ruido=10%)",10,90,Banca,CaixaBank
https://ce-correos.top/information.html,ce-correos.top,12,1,"logistica | correos | Smishing paquete | marca_en_path;spanish_token;tld_no_es_but_es_context | score=12, signals=spanish_brand:correos;spanish_token:forma;brand_and_spanish_token_boost;path_ver, TLD .top | confianza=90 (ruido=10%)",10,90,Logística,Correos
https://clavesmsbvvabancomobile.is-certified.com/cuenta/bbvaaydacuenta/bancomobile/ayuda/configurarlas/index.php,clavesmsbvvabancomobile.is-certified.com,12,1,"banca | bbva | Verificación | marca_en_path;spanish_token | score=12, signals=spanish_brand:bbva;spanish_token:cuenta;spanish_token:banco;spanish_token:clave; | confianza=90 (ruido=10%)",10,90,Banca,BBVA
https://clientes-entrega.top/gin/billing.php,clientes-entrega.top,12,1,"logistica | generico | Login | marca_en_path;spanish_token | score=12, signals=spanish_brand:ing;spanish_token:cliente;spanish_token:clientes;spanish_token:ent, TLD .top | confianza=90 (ruido=10%)",10,90,Logística,Generico
https://clientes-servicio-b9f795.ingress-earth.ewp.live/parkospx/clients/login.php,clientes-servicio-b9f795.ingress-earth.ewp.live,14,1,"generico | generico | Login | free_hosting;marca_en_path;spanish_token | score=14, signals=spanish_brand:ing;spanish_token:cliente;spanish_token:clientes;spanish_token:log | confianza=90 (ruido=10%)",10,90,Genérico,Generico
https://cliente.suportededicado.net/cadastro-santander/app/?23438a559f41660a74b1f752826a0aba,cliente.suportededicado.net,12,1,"banca | santander | Login | marca_en_path;spanish_token | score=12, signals=spanish_brand:santander;spanish_token:cliente;spanish_hosting:suportededicado.ne | confianza=90 (ruido=10%)",10,90,Banca,Santander
https://co-bccd2c.ingress-bonde.ewp.live/po/home/recibir_paquete.php,co-bccd2c.ingress-bonde.ewp.live,15,1,"logistica | generico | Smishing paquete | free_hosting;marca_en_path;spanish_token | score=15, signals=spanish_brand:ing;spanish_token:paquete;spanish_token:recibir;brand_and_spanish_ | confianza=90 (ruido=10%)",10,90,Logística,Generico
https://confirmacion-cuenta-1-9cd542.ingress-comporellon.easywp.com/mi-cuenta/acceso/es/clients/login.php,confirmacion-cuenta-1-9cd542.ingress-comporellon.easywp.com,13,1,"generico | generico | Confirmación | free_hosting;marca_en_path;spanish_token | score=13, signals=spanish_brand:ing;spanish_token:acceso;spanish_token:login;spanish_token:confirm | confianza=90 (ruido=10%)",10,90,Genérico,Generico
https://confirmacion-cuenta-a60a2f.ingress-daribow.easywp.com/es/?pwd=bbva,confirmacion-cuenta-a60a2f.ingress-daribow.easywp.com,12,1,"banca | bbva | Confirmación | free_hosting;marca_en_path;spanish_token | score=12, signals=spanish_brand:bbva;spanish_brand:ing;spanish_token:confirmacion;spanish_token:cu | confianza=90 (ruido=10%)",10,90,Banca,BBVA
https://consielle-bbc9ad.ingress-comporellon.ewp.live/coreoss/pagomente/recibir_paquete.php,consielle-bbc9ad.ingress-comporellon.ewp.live,16,1,"logistica | correos | Pago | free_hosting;marca_en_path;spanish_token | score=16, signals=spanish_brand:ing;spanish_token:pago;spanish_token:paquete;spanish_token:recibir | confianza=90 (ruido=10%)",10,90,Logística,Correos
https://coreosnotification-b7bd01.ingress-erytho.ewp.live/manage/sms/sms2.html,coreosnotification-b7bd01.ingress-erytho.ewp.live,14,1,"logistica | correos | Login | free_hosting;marca_en_path;spanish_token | score=14, signals=spanish_brand:ing;spanish_token:sms;brand_and_spanish_token_boost;path_verificat | confianza=90 (ruido=10%)",10,90,Logística,Correos
https://correos-1-bc9a64.ingress-erytho.ewp.live/info/pagomente/recibir_paquete.php,correos-1-bc9a64.ingress-erytho.ewp.live,17,1,"logistica | correos | Pago | free_hosting;marca_en_path;spanish_token | score=17, signals=spanish_brand:ing;spanish_brand:correos;spanish_token:pago;spanish_token:paquete | confianza=90 (ruido=10%)",10,90,Logística,Correos
https://correos-b69ce7.ingress-daribow.ewp.live/correos.spania/correos/coress/coress/manage/sms/sms2.html,correos-b69ce7.ingress-daribow.ewp.live,15,1,"logistica | correos | Smishing paquete | free_hosting;marca_en_path;spanish_token | score=15, signals=spanish_brand:ing;spanish_brand:correos;spanish_token:sms;brand_and_spanish_toke | confianza=90 (ruido=10%)",10,90,Logística,Correos
https://correos-bcb20b.ingress-baronn.ewp.live/login/home/correeoos/recibir_paquete.php,correos-bcb20b.ingress-baronn.ewp.live,17,1,"logistica | correos | Smishing paquete | free_hosting;marca_en_path;spanish_token | score=17, signals=spanish_brand:ing;spanish_brand:correos;spanish_token:login;spanish_token:paquet | confianza=90 (ruido=10%)",10,90,Logística,Correos
https://correos-bcea5d.ingress-baronn.ewp.live/log-up/pagomente/recibir_paquete.php,correos-bcea5d.ingress-baronn.ewp.live,17,1,"logistica | correos | Pago | free_hosting;marca_en_path;spanish_token | score=17, signals=spanish_brand:ing;spanish_brand:correos;spanish_token:pago;spanish_token:paquete | confianza=90 (ruido=10%)",10,90,Logística,Correos
https://correos-clientes.net/recibir_paquete.php,correos-clientes.net,12,1,"logistica | correos | Smishing paquete | marca_en_path;spanish_token | score=12, signals=spanish_brand:correos;spanish_token:cliente;spanish_token:clientes;spanish_token | confianza=90 (ruido=10%)",10,90,Logística,Correos
https://correos-dev.tempurl.host/es/manage/sms/sms2.html,correos-dev.tempurl.host,14,1,"logistica | correos | Smishing paquete | marca_en_path;spanish_token | score=14, signals=spanish_brand:correos;spanish_token:sms;spanish_hosting:tempurl.host;brand_and_s | confianza=90 (ruido=10%)",10,90,Logística,Correos
https://correosespana-b4c727.ingress-earth.ewp.live/auth/erreur-sms.php,correosespana-b4c727.ingress-earth.ewp.live,15,1,"logistica | correos | Smishing paquete | free_hosting;marca_en_path;spanish_token | score=15, signals=spanish_brand:ing;spanish_brand:correos;spanish_token:sms;brand_and_spanish_toke | confianza=90 (ruido=10%)",10,90,Logística,Correos
https://correos-expresse-673ba7.ingress-baronn.ewp.live/correos/correopin/manage,correos-expresse-673ba7.ingress-baronn.ewp.live,15,1,"logistica | correos | Smishing paquete | free_hosting;marca_en_path;spanish_token | score=15, signals=spanish_brand:ing;spanish_brand:correos;spanish_token:pin;brand_and_spanish_toke | confianza=90 (ruido=10%)",10,90,Logística,Correos
https://correosexpriiso-b7be51.ingress-comporellon.ewp.live/crss/adam/recibir_paquete.php,correosexpriiso-b7be51.ingress-comporellon.ewp.live,16,1,"logistica | correos | Smishing paquete | free_hosting;marca_en_path;spanish_token | score=16, signals=spanish_brand:ing;spanish_brand:correos;spanish_token:paquete;spanish_token:reci | confianza=90 (ruido=10%)",10,90,Logística,Correos
https://correosinfolog.tempurl.host/info/net/manage/sms/sms2.html,correosinfolog.tempurl.host,14,1,"logistica | correos | Smishing paquete | marca_en_path;spanish_token | score=14, signals=spanish_brand:correos;spanish_token:sms;spanish_hosting:tempurl.host;brand_and_s | confianza=90 (ruido=10%)",10,90,Logística,Correos
https://correosinfoweb.tempurl.host/infoswebservicios/recibir_paquete.php,correosinfoweb.tempurl.host,15,1,"logistica | correos | Smishing paquete | marca_en_path;spanish_token | score=15, signals=spanish_brand:correos;spanish_token:paquete;spanish_token:recibir;spanish_hostin | confianza=90 (ruido=10%)",10,90,Logística,Correos
https://correospaquette-bcfe8c.ingress-florina.ewp.live/pagomente_spain,correospaquette-bcfe8c.ingress-florina.ewp.live,13,1,"logistica | correos | Pago | free_hosting;marca_en_path;spanish_token | score=13, signals=spanish_brand:ing;spanish_brand:correos;spanish_token:pago;brand_and_spanish_tok | confianza=90 (ruido=10%)",10,90,Logística,Correos
https://correosparricularesssss-bd6c41.ingress-earth.ewp.live/tkeee/zeeed/recibir_paquete.php,correosparricularesssss-bd6c41.ingress-earth.ewp.live,16,1,"logistica | correos | Smishing paquete | free_hosting;marca_en_path;spanish_token | score=16, signals=spanish_brand:ing;spanish_brand:correos;spanish_token:paquete;spanish_token:reci | confianza=90 (ruido=10%)",10,90,Logística,Correos
https://correosparticularsestaaa-bce9d7.ingress-daribow.ewp.live/hp5dt/cesp/recibir_paquete.php,correosparticularsestaaa-bce9d7.ingress-daribow.ewp.live,16,1,"logistica | correos | Smishing paquete | free_hosting;marca_en_path;spanish_token | score=16, signals=spanish_brand:ing;spanish_brand:correos;spanish_token:paquete;spanish_token:reci | confianza=90 (ruido=10%)",10,90,Logística,Correos
https://correosss-ew-be2384.ingress-erytho.ewp.live/ls-spn/recibir_paquete.php,correosss-ew-be2384.ingress-erytho.ewp.live,16,1,"logistica | correos | Smishing paquete | free_hosting;marca_en_path;spanish_token | score=16, signals=spanish_brand:ing;spanish_brand:correos;spanish_token:paquete;spanish_token:reci | confianza=90 (ruido=10%)",10,90,Logística,Correos
https://correos.wonstasite.com/espr6/correossontra7/powersecur7/okla7d/indofinnall7/recibir_paquete.php,correos.wonstasite.com,12,1,"logistica | correos | Smishing paquete | marca_en_path;spanish_token | score=12, signals=spanish_brand:correos;spanish_token:paquete;spanish_token:recibir;brand_and_span | confianza=90 (ruido=10%)",10,90,Logística,Correos
https://corrreos-bc3f77.ingress-comporellon.ewp.live/corex%20%20not%20edit/auth/erreur-sms.php,corrreos-bc3f77.ingress-comporellon.ewp.live,14,1,"logistica | correos | Login | free_hosting;marca_en_path;spanish_token | score=14, signals=spanish_brand:ing;spanish_token:sms;brand_and_spanish_token_boost;path_verificat | confianza=90 (ruido=10%)",10,90,Logística,Correos
https://corrreosspain-bc31cb.ingress-bonde.ewp.live/es/pagomente/recibir_paquete.php,corrreosspain-bc31cb.ingress-bonde.ewp.live,16,1,"logistica | correos | Pago | free_hosting;marca_en_path;spanish_token | score=16, signals=spanish_brand:ing;spanish_token:pago;spanish_token:paquete;spanish_token:recibir | confianza=90 (ruido=10%)",10,90,Logística,Correos
https://corss-1-aeab5e.ingress-erytho.ewp.live/nonew/santander/particulares.php,corss-1-aeab5e.ingress-erytho.ewp.live,15,1,"banca | santander | Login | free_hosting;marca_en_path;spanish_token | score=15, signals=spanish_brand:santander;spanish_brand:ing;spanish_token:particulares;brand_and_s | confianza=90 (ruido=10%)",10,90,Banca,Santander
https://cuenta.44-202-148-3.cprapid.com/bbva_light/?id_jibbrs=dr-510529,cuenta.44-202-148-3.cprapid.com,12,1,"banca | bbva | Login | marca_en_path;spanish_token | score=12, signals=spanish_brand:bbva;spanish_token:cuenta;spanish_hosting:cprapid.com;brand_and_sp | confianza=90 (ruido=10%)",10,90,Banca,BBVA
https://cuentainformacion-b8eb22.ingress-comporellon.ewp.live/express/corexbt/auth/billing.php,cuentainformacion-b8eb22.ingress-comporellon.ewp.live,13,1,"generico | generico | Login | free_hosting;marca_en_path;spanish_token | score=13, signals=spanish_brand:ing;spanish_token:cuenta;spanish_token:forma;brand_and_spanish_tok | confianza=90 (ruido=10%)",10,90,Genérico,Generico
https://cuenta-informacion-bcbeaf.ingress-daribow.ewp.live/ing/ing/coo.php,cuenta-informacion-bcbeaf.ingress-daribow.ewp.live,13,1,"banca | ing | Login | free_hosting;marca_en_path;spanish_token | score=13, signals=spanish_brand:ing;spanish_token:cuenta;spanish_token:forma;brand_and_spanish_tok | confianza=90 (ruido=10%)",10,90,Banca,ING
https://cuentas.15-237-142-160.cprapid.com/bbva_light,cuentas.15-237-142-160.cprapid.com,13,1,"banca | bbva | Login | marca_en_path;spanish_token | score=13, signals=spanish_brand:bbva;spanish_token:cuenta;spanish_token:cuentas;spanish_hosting:cp | confianza=90 (ruido=10%)",10,90,Banca,BBVA
https://cuentas.170-64-148-61.cprapid.com/app/bbva_light,cuentas.170-64-148-61.cprapid.com,13,1,"banca | bbva | Login | marca_en_path;spanish_token | score=13, signals=spanish_brand:bbva;spanish_token:cuenta;spanish_token:cuentas;spanish_hosting:cp | confianza=90 (ruido=10%)",10,90,Banca,BBVA
https://cuenta-verificacion-9cd542.ingress-daribow.easywp.com/cuenta/auth/access/clients/login.php?verification,cuenta-verificacion-9cd542.ingress-daribow.easywp.com,12,1,"generico | generico | Verificación | free_hosting;marca_en_path;spanish_token | score=12, signals=spanish_brand:ing;spanish_token:login;spanish_token:verificacion;spanish_token:c | confianza=90 (ruido=10%)",10,90,Genérico,Generico
https://cuotasnopagadas-1-bc0ed7.ingress-earth.ewp.live/confirmeelpago/recibir_paquete.php,cuotasnopagadas-1-bc0ed7.ingress-earth.ewp.live,16,1,"logistica | generico | Pago | free_hosting;marca_en_path;spanish_token | score=16, signals=spanish_brand:ing;spanish_token:pago;spanish_token:paquete;spanish_token:recibir | confianza=90 (ruido=10%)",10,90,Logística,Generico
https://demo2.cloudwp.dev/trial-2tt3605y/correos/recibir_paquete.php,demo2.cloudwp.dev,15,1,"logistica | correos | Smishing paquete | marca_en_path;spanish_token | score=15, signals=spanish_brand:correos;spanish_token:paquete;spanish_token:recibir;brand_and_span | confianza=90 (ruido=10%)",10,90,Logística,Correos
https://e-1-ba384c.ingress-florina.ewp.live/c/cs/recibir_paquete.php,e-1-ba384c.ingress-florina.ewp.live,15,1,"logistica | generico | Smishing paquete | free_hosting;marca_en_path;spanish_token | score=15, signals=spanish_brand:ing;spanish_token:paquete;spanish_token:recibir;brand_and_spanish_ | confianza=90 (ruido=10%)",10,90,Logística,Generico
https://ecarduar-bc20e9.ingress-baronn.ewp.live/new%20correos/pagomente/recibir_paquete.php,ecarduar-bc20e9.ingress-baronn.ewp.live,19,1,"logistica | correos | Pago | free_hosting;marca_en_path;spanish_token | score=19, signals=spanish_brand:ing;spanish_brand:correos;spanish_token:pago;spanish_token:paquete | confianza=90 (ruido=10%)",10,90,Logística,Correos
https://efbr.com/bbva.banco/hazte-cliente/abrir-cuenta-bancaria-online/s001576/desktop/5f70a60c48390fc8505095f33e915238,efbr.com,12,1,"banca | bbva | Login | marca_en_path;spanish_token | score=12, signals=spanish_brand:bbva;spanish_token:cliente;spanish_token:cuenta;spanish_token:banc | confianza=90 (ruido=10%)",10,90,Banca,BBVA
https://eniar-codigos-postales-oficinas-user565.codeanyapp.com/spain/correos/auth,eniar-codigos-postales-oficinas-user565.codeanyapp.com,13,1,"logistica | correos | Verificación | marca_en_path;spanish_token | score=13, signals=spanish_brand:correos;spanish_token:oficina;spanish_token:codigo;spanish_hosting | confianza=90 (ruido=10%)",10,90,Logística,Correos
https://entrega-estndar-baf1d3.ingress-baronn.ewp.live/correos/correos/recibir_paquete.php,entrega-estndar-baf1d3.ingress-baronn.ewp.live,19,1,"logistica | correos | Smishing paquete | free_hosting;marca_en_path;spanish_token | score=19, signals=spanish_brand:ing;spanish_brand:correos;spanish_token:entrega;spanish_token:paqu | confianza=90 (ruido=10%)",10,90,Logística,Correos
http://servicio-baffd6.ingress-bonde.ewp.live/bbva/area_cliente/index.php,servicio-baffd6.ingress-bonde.ewp.live,15,1,"banca | bbva | Login | free_hosting;marca_en_path;spanish_token | score=15, signals=spanish_brand:bbva;spanish_brand:ing;spanish_token:cliente;brand_and_spanish_tok | confianza=90 (ruido=10%)",10,90,Banca,BBVA
https://es-caixabank.com/particulares/60699/home/espera.html,es-caixabank.com,12,1,"banca | caixaBank | Login | marca_en_path;spanish_token;tld_no_es_but_es_context | score=12, signals=spanish_brand:caixabank;spanish_token:particulares;spanish_token:espera;brand_an | confianza=90 (ruido=10%)",10,90,Banca,CaixaBank
https://espaserv-bc31cb.ingress-erytho.ewp.live/spain/pagomente/recibir_paquete.php,espaserv-bc31cb.ingress-erytho.ewp.live,16,1,"logistica | correos | Pago | free_hosting;marca_en_path;spanish_token | score=16, signals=spanish_brand:ing;spanish_token:pago;spanish_token:paquete;spanish_token:recibir | confianza=90 (ruido=10%)",10,90,Logística,Correos
http://seur.mispaquete.com/app/recibir/envio-online2/templates/cc.php,seur.mispaquete.com,13,1,"logistica | seur | Smishing paquete | marca_en_path;spanish_token | score=13, signals=spanish_brand:seur;spanish_token:envio;spanish_token:paquete;spanish_token:recib | confianza=90 (ruido=10%)",10,90,Logística,Seur
https://gestaonovobanconet.com/santander/particulares/cards/index.html,gestaonovobanconet.com,12,1,"banca | santander | Login | marca_en_path;spanish_token | score=12, signals=spanish_brand:santander;spanish_token:banco;spanish_token:particulares;brand_and | confianza=90 (ruido=10%)",10,90,Banca,Santander
https://gestin-particulares-es-10-b934ac.ingress-earth.ewp.live/necorreos/necorreos/recibir_paquete.php,gestin-particulares-es-10-b934ac.ingress-earth.ewp.live,19,1,"logistica | correos | Smishing paquete | free_hosting;marca_en_path;spanish_token | score=19, signals=spanish_brand:ing;spanish_brand:correos;spanish_token:paquete;spanish_token:part | confianza=90 (ruido=10%)",10,90,Logística,Correos
https://gestin-particulares-es-1-bc3294.ingress-daribow.ewp.live/necorreos/recibir_paquete.php,gestin-particulares-es-1-bc3294.ingress-daribow.ewp.live,19,1,"logistica | correos | Smishing paquete | free_hosting;marca_en_path;spanish_token | score=19, signals=spanish_brand:ing;spanish_brand:correos;spanish_token:paquete;spanish_token:part | confianza=90 (ruido=10%)",10,90,Logística,Correos
https://groupocoroeoss-bd38c7.ingress-erytho.ewp.live/login/grupo.correos/recibir_paquete.php,groupocoroeoss-bd38c7.ingress-erytho.ewp.live,19,1,"logistica | correos | Smishing paquete | free_hosting;marca_en_path;spanish_token | score=19, signals=spanish_brand:ing;spanish_brand:correos;spanish_token:login;spanish_token:paquet | confianza=90 (ruido=10%)",10,90,Logística,Correos
https://have-bcea5d.ingress-erytho.ewp.live/content/word/correos/recibir_paquete.php,have-bcea5d.ingress-erytho.ewp.live,18,1,"logistica | correos | Smishing paquete | free_hosting;marca_en_path;spanish_token | score=18, signals=spanish_brand:ing;spanish_brand:correos;spanish_token:paquete;spanish_token:reci | confianza=90 (ruido=10%)",10,90,Logística,Correos
https://info.163-123-143-56.cprapid.com/bbva.es,info.163-123-143-56.cprapid.com,12,1,"banca | bbva | Login | marca_en_path | score=12, signals=spanish_brand:bbva;spanish_marker:.es;spanish_hosting:cprapid.com;brand_in_path: | confianza=50 (ruido=50%)",50,50,Banca,BBVA
https://info-4-ba18e2.ingress-erytho.ewp.live/caixa-vbvfinal/caixa-vbvfinal/home/tarjeta2.html,info-4-ba18e2.ingress-erytho.ewp.live,12,1,"banca | caixabank | Login | free_hosting;marca_en_path;spanish_token | score=12, signals=spanish_brand:ing;spanish_token:tarjeta;brand_and_spanish_token_boost;brand_in_s | confianza=90 (ruido=10%)",10,90,Banca,CaixaBank
https://informacion-bc74ce.ingress-baronn.ewp.live/cuenta/pagomente/recibir_paquete.php,informacion-bc74ce.ingress-baronn.ewp.live,18,1,"logistica | generico | Pago | free_hosting;marca_en_path;spanish_token | score=18, signals=spanish_brand:ing;spanish_token:pago;spanish_token:paquete;spanish_token:cuenta; | confianza=90 (ruido=10%)",10,90,Logística,Generico
https://informacion-cliente-spainespain34122306.codeanyapp.com/cr/ss/corr/billing.php,informacion-cliente-spainespain34122306.codeanyapp.com,13,1,"generico | generico | Login | marca_en_path;spanish_token | score=13, signals=spanish_brand:ing;spanish_token:cliente;spanish_token:forma;spanish_hosting:code | confianza=90 (ruido=10%)",10,90,Genérico,Generico
https://ing.es-cuentas.digital/ap/es/datada,ing.es-cuentas.digital,12,1,"banca | ing | Login | marca_en_path;spanish_token | score=12, signals=spanish_brand:ing;spanish_token:cuenta;spanish_token:cuentas;spanish_marker:.es; | confianza=90 (ruido=10%)",10,90,Banca,ING
https://ing.es-operaciones.com/inicio-sesion.php,ing.es-operaciones.com,12,1,"banca | ing | Login | marca_en_path;spanish_token | score=12, signals=spanish_brand:ing;spanish_token:inicio;spanish_token:sesion;spanish_marker:.es;b | confianza=90 (ruido=10%)",10,90,Banca,ING
https://initterbanhintteraceropo-b37a0e.ingress-comporellon.ewp.live/bnakinninter/smsone.php?assure_boba=false&_pagelabel=as_login_page&connexioncompte_2actionevt=afficher&lieu.x=fr_2332932&4e0da8dfc2e64abb9170d6a336ea5271,initterbanhintteraceropo-b37a0e.ingress-comporellon.ewp.live,15,1,"banca | bankinter | Login | free_hosting;marca_en_path;spanish_token | score=15, signals=spanish_brand:ing;spanish_token:login;spanish_token:sms;brand_and_spanish_token_ | confianza=90 (ruido=10%)",10,90,Banca,Bankinter
https://invetsofia-b96935.ingress-earth.ewp.live/produits/santander/clients/login.php?%22santander%22,invetsofia-b96935.ingress-earth.ewp.live,14,1,"banca | santander | Login | free_hosting;marca_en_path;spanish_token | score=14, signals=spanish_brand:santander;spanish_brand:ing;spanish_token:login;brand_and_spanish_ | confianza=90 (ruido=10%)",10,90,Banca,Santander
https://labonkpostal-bcea5d.ingress-baronn.ewp.live/log-page/correos/recibir_paquete.php,labonkpostal-bcea5d.ingress-baronn.ewp.live,18,1,"banca | correos | Smishing paquete | free_hosting;marca_en_path;spanish_token | score=18, signals=spanish_brand:ing;spanish_brand:correos;spanish_token:paquete;spanish_token:reci | confianza=90 (ruido=10%)",10,90,Banca,Correos
https://loikolaka-1.builderallwppro.com/correosi/vv/cors/pagomente/recibir_paquete.php,loikolaka-1.builderallwppro.com,13,1,"logistica | correos | Pago | marca_en_path;spanish_token | score=13, signals=spanish_brand:correos;spanish_token:pago;spanish_token:paquete;spanish_token:rec | confianza=90 (ruido=10%)",10,90,Logística,Correos
https://mi-cuenta-informacion-b58175.ingress-baronn.ewp.live/es/access/clients/login.php,mi-cuenta-informacion-b58175.ingress-baronn.ewp.live,14,1,"generico | generico | Login | free_hosting;marca_en_path;spanish_token | score=14, signals=spanish_brand:ing;spanish_token:login;spanish_token:cuenta;spanish_token:forma;b | confianza=90 (ruido=10%)",10,90,Genérico,Generico
https://multas-dgt34-cat-ripaille38158623.codeanyapp.com/h/sd/infospage.php,multas-dgt34-cat-ripaille38158623.codeanyapp.com,12,1,"publico | dgt | Multa | marca_en_path;spanish_token | score=12, signals=spanish_brand:dgt;spanish_token:multa;spanish_hosting:codeanyapp.com;brand_and_s | confianza=90 (ruido=10%)",10,90,Público,DGT
https://myblog-or8klivg1h.live-website.com/correos/correos/correos/recibir_paquete.php,myblog-or8klivg1h.live-website.com,12,1,"loigistica | correos | Smishing paquete | marca_en_path;spanish_token | score=12, signals=spanish_brand:correos;spanish_token:paquete;spanish_token:recibir;brand_and_span | confianza=90 (ruido=10%)",10,90,Logística,Correos
https://no-reply-b978a0.ingress-comporellon.ewp.live/gruposantan/home/particulares.php,no-reply-b978a0.ingress-comporellon.ewp.live,12,1,"banca | santander | Login | free_hosting;marca_en_path;spanish_token | score=12, signals=spanish_brand:ing;spanish_token:particulares;brand_and_spanish_token_boost;brand | confianza=90 (ruido=10%)",10,90,Banca,Santander
https://nowsantaempresas-bc7376.ingress-comporellon.ewp.live/sant/actualizacion/home/particulares.php,nowsantaempresas-bc7376.ingress-comporellon.ewp.live,13,1,"banca | santander | Login | free_hosting;marca_en_path;spanish_token | score=13, signals=spanish_brand:ing;spanish_token:actualizacion;spanish_token:particulares;brand_a | confianza=90 (ruido=10%)",10,90,Banca,Santander
https://oldoone-ba3214.ingress-comporellon.ewp.live/service/santander/particulares.php,oldoone-ba3214.ingress-comporellon.ewp.live,14,1,"banca | santander | Login | free_hosting;marca_en_path;spanish_token | score=14, signals=spanish_brand:santander;spanish_brand:ing;spanish_token:particulares;brand_and_s | confianza=90 (ruido=10%)",10,90,Banca,Santander
https://olga-bab95f.ingress-erytho.ewp.live/roh/home/particulares.php,olga-bab95f.ingress-erytho.ewp.live,12,1,"generico | generico | Login | free_hosting;marca_en_path;spanish_token | score=12, signals=spanish_brand:ing;spanish_token:particulares;brand_and_spanish_token_boost;brand | confianza=90 (ruido=10%)",10,90,Genérico,Generico
https://onlinebankingpic.webcindario.com/login-banca-web.html,onlinebankingpic.webcindario.com,12,1,"banca | generico | Login | marca_en_path;spanish_token | score=12, signals=spanish_brand:ing;spanish_token:login;spanish_token:banca;spanish_hosting:webcin | confianza=90 (ruido=10%)",10,90,Banca,Generico
https://paquetesdeaduanasdnsarmy-b85505.ingress-daribow.ewp.live/pagoconyfirmacion,paquetesdeaduanasdnsarmy-b85505.ingress-daribow.ewp.live,15,1,"logistica | generico | Pago | free_hosting;marca_en_path;spanish_token | score=15, signals=spanish_brand:ing;spanish_token:pago;spanish_token:paquete;spanish_token:paquete | confianza=90 (ruido=10%)",10,90,Logística,Generico
https://particulares-bancosantander.codeanyapp.com/zepek/iniciar.php,particulares-bancosantander.codeanyapp.com,13,1,"banca | santander | Login | marca_en_path;spanish_token | score=13, signals=spanish_brand:santander;spanish_token:banco;spanish_token:particulares;spanish_h | confianza=90 (ruido=10%)",10,90,Banca,Santander
https://particulares-bancosantander-es-beyogal852715907.codeanyapp.com/es/index.php,particulares-bancosantander-es-beyogal852715907.codeanyapp.com,13,1,"banca | santander | Login | marca_en_path;spanish_token | score=13, signals=spanish_brand:santander;spanish_token:banco;spanish_token:particulares;spanish_h | confianza=90 (ruido=10%)",10,90,Banca,Santander
https://particulares-bancosantander-es.preview-domain.com/xx/santa_presi,particulares-bancosantander-es.preview-domain.com,13,1,"banca | santander | Login | marca_en_path;spanish_token | score=13, signals=spanish_brand:santander;spanish_token:banco;spanish_token:particulares;spanish_h | confianza=90 (ruido=10%)",10,90,Banca,Santander
https://particulares-es-1-bd5e31.ingress-daribow.ewp.live/particulares/clients/login.php?f2828d9d,particulares-es-1-bd5e31.ingress-daribow.ewp.live,13,1,"generico | generico | Login | free_hosting;marca_en_path;spanish_token | score=13, signals=spanish_brand:ing;spanish_token:login;spanish_token:particulares;brand_and_spani | confianza=90 (ruido=10%)",10,90,Genérico,Generico
https://particulares-es-2-bb00c9.ingress-bonde.ewp.live/correos-es/es/correos%20express.html,particulares-es-2-bb00c9.ingress-bonde.ewp.live,15,1,"logistica | correos | Smishing paquete | free_hosting;marca_en_path;spanish_token | score=15, signals=spanish_brand:ing;spanish_brand:correos;spanish_token:particulares;brand_and_spa | confianza=90 (ruido=10%)",10,90,Logística,Correos
https://particulares-es-b965d0.ingress-comporellon.ewp.live/es-parti/clients/login.php,particulares-es-b965d0.ingress-comporellon.ewp.live,13,1,"generico | generico | Login | free_hosting;marca_en_path;spanish_token | score=13, signals=spanish_brand:ing;spanish_token:login;spanish_token:particulares;brand_and_spani | confianza=90 (ruido=10%)",10,90,Genérico,Generico
https://particularhomeweblogicsession-b1032f.ingress-baronn.ewp.live/caix/lacaixa/home/espera2.html,particularhomeweblogicsession-b1032f.ingress-baronn.ewp.live,14,1,"banca | caixabank | Login | free_hosting;marca_en_path;spanish_token | score=14, signals=spanish_brand:ing;spanish_token:espera;brand_and_spanish_token_boost;path_verifi | confianza=90 (ruido=10%)",10,90,Banca,CaixaBank
https://personal-santanders-pago-movil-es-app-subscriptions.codeanyapp.com/santaaa/iniciar.php,personal-santanders-pago-movil-es-app-subscriptions.codeanyapp.com,13,1,"banca | santander | Pago | marca_en_path;spanish_token | score=13, signals=spanish_brand:santander;spanish_token:pago;spanish_token:movil;spanish_hosting:c | confianza=90 (ruido=10%)",10,90,Banca,Santander
https://portalxciaxaparticularesloc16-b3cb76.ingress-florina.ewp.live/m8/home,portalxciaxaparticularesloc16-b3cb76.ingress-florina.ewp.live,13,1,"banca | caixabank | Login | free_hosting;marca_en_path;spanish_token | score=13, signals=spanish_brand:ing;spanish_token:portal;spanish_token:particulares;brand_and_span | confianza=90 (ruido=10%)",10,90,Banca,CaixaBank
https://public-2-a27a5b.ingress-florina.ewp.live/info/caixa-vbvfinal/home/espera.html,public-2-a27a5b.ingress-florina.ewp.live,14,1,"banca | caixabank | Login | free_hosting;marca_en_path;spanish_token | score=14, signals=spanish_brand:ing;spanish_token:espera;brand_and_spanish_token_boost;path_verifi | confianza=90 (ruido=10%)",10,90,Banca,CaixaBank
https://recibir-paquete-da9943.ingress-erytho.ewp.live/correos,recibir-paquete-da9943.ingress-erytho.ewp.live,16,1,"logistica | correos | Smishing paquete | free_hosting;marca_en_path;spanish_token | score=16, signals=spanish_brand:ing;spanish_brand:correos;spanish_token:paquete;spanish_token:reci | confianza=90 (ruido=10%)",10,90,Logística,Correos
https://sa1232fvbn-bac806.ingress-comporellon.ewp.live/sant/home/particulares.php,sa1232fvbn-bac806.ingress-comporellon.ewp.live,12,1,"banca | santander | Login | free_hosting;marca_en_path;spanish_token | score=12, signals=spanish_brand:ing;spanish_token:particulares;brand_and_spanish_token_boost;brand | confianza=90 (ruido=10%)",10,90,Banca,Santander
https://sant-1-bd0e47.ingress-comporellon.ewp.live/home/particulares.php,sant-1-bd0e47.ingress-comporellon.ewp.live,12,1,"banca | santander | Login | free_hosting;marca_en_path;spanish_token | score=12, signals=spanish_brand:ing;spanish_token:particulares;brand_and_spanish_token_boost;brand | confianza=90 (ruido=10%)",10,90,Banca,Santander
https://santa-ba27af.ingress-earth.ewp.live/acceso/cuenta/clients/login.php?%22santander%22,santa-ba27af.ingress-earth.ewp.live,15,1,"banca | santander | Login | free_hosting;marca_en_path;spanish_token | score=15, signals=spanish_brand:santander;spanish_brand:ing;spanish_token:acceso;spanish_token:log | confianza=90 (ruido=10%)",10,90,Banca,Santander
https://santa-bacf9e.ingress-earth.ewp.live/ssl/home/particulares.php,santa-bacf9e.ingress-earth.ewp.live,12,1,"banca | santander | Login | free_hosting;marca_en_path;spanish_token | score=12, signals=spanish_brand:ing;spanish_token:particulares;brand_and_spanish_token_boost;brand | confianza=90 (ruido=10%)",10,90,Banca,Santander
https://santa-dns-army-b85505.ingress-erytho.ewp.live/areasantander/home/particulares.php,santa-dns-army-b85505.ingress-erytho.ewp.live,15,1,"banca | santander | Login | free_hosting;marca_en_path;spanish_token | score=15, signals=spanish_brand:santander;spanish_brand:ing;spanish_token:particulares;brand_and_s | confianza=90 (ruido=10%)",10,90,Banca,Santander
https://santander-netbanco.codeanyapp.com/ptt,santander-netbanco.codeanyapp.com,12,1,"banca | santander | Login | marca_en_path;spanish_token | score=12, signals=spanish_brand:santander;spanish_token:banco;spanish_hosting:codeanyapp.com;brand | confianza=90 (ruido=10%)",10,90,Banca,Santander
https://santanfer-idition-bc6241.ingress-erytho.ewp.live/santawithpinsansms/particulares.php,santanfer-idition-bc6241.ingress-erytho.ewp.live,16,1,"banca | santander | Login | free_hosting;marca_en_path;spanish_token | score=16, signals=spanish_brand:ing;spanish_token:particulares;spanish_token:sms;spanish_token:pin | confianza=90 (ruido=10%)",10,90,Banca,Santander
https://santasp-b96842.ingress-earth.ewp.live/ex%20+%20my%20info/corex/auth/erreur-sms.php,santasp-b96842.ingress-earth.ewp.live,14,1,"banca | santander | Login | free_hosting;marca_en_path;spanish_token | score=14, signals=spanish_brand:ing;spanish_token:sms;brand_and_spanish_token_boost;path_verificat | confianza=90 (ruido=10%)",10,90,Banca,Santander
https://santdr-baf004.ingress-bonde.ewp.live/stdr/santander1/particulares.php,santdr-baf004.ingress-bonde.ewp.live,15,1,"banca | santander | Login | free_hosting;marca_en_path;spanish_token | score=15, signals=spanish_brand:santander;spanish_brand:ing;spanish_token:particulares;brand_and_s | confianza=90 (ruido=10%)",10,90,Banca,Santander
https://santender-bb9666.ingress-daribow.ewp.live/bamo/home/particulares.php,santender-bb9666.ingress-daribow.ewp.live,12,1,"banca | santander | Login | free_hosting;marca_en_path;spanish_token | score=12, signals=spanish_brand:ing;spanish_token:particulares;brand_and_spanish_token_boost;brand | confianza=90 (ruido=10%)",10,90,Banca,Santander
https://santeneder-bb9666.ingress-daribow.ewp.live/garido/home/particulares.php,santeneder-bb9666.ingress-daribow.ewp.live,12,1,"banca | santander | Login | free_hosting;marca_en_path;spanish_token | score=12, signals=spanish_brand:ing;spanish_token:particulares;brand_and_spanish_token_boost;brand | confianza=90 (ruido=10%)",10,90,Banca,Santander
https://santinder-1-bb172f.ingress-erytho.ewp.live/uno/home/particulares.php,santinder-1-bb172f.ingress-erytho.ewp.live,12,1,"banca | santander | Login | free_hosting;marca_en_path;spanish_token | score=12, signals=spanish_brand:ing;spanish_token:particulares;brand_and_spanish_token_boost;brand | confianza=90 (ruido=10%)",10,90,Banca,Santander
https://santknder-bb9666.ingress-erytho.ewp.live/altaa/home/particulares.php,santknder-bb9666.ingress-erytho.ewp.live,12,1,"banca | santander | Login | free_hosting;marca_en_path;spanish_token | score=12, signals=spanish_brand:ing;spanish_token:particulares;brand_and_spanish_token_boost;brand | confianza=90 (ruido=10%)",10,90,Banca,Santander
https://santsander-bb172f.ingress-erytho.ewp.live/tinos/home/particulares.php,santsander-bb172f.ingress-erytho.ewp.live,12,1,"banca | santander | Login | free_hosting;marca_en_path;spanish_token | score=12, signals=spanish_brand:ing;spanish_token:particulares;brand_and_spanish_token_boost;brand | confianza=90 (ruido=10%)",10,90,Banca,Santander
https://santt-ba3214.ingress-bonde.ewp.live/snt/santander1/particulares.php,santt-ba3214.ingress-bonde.ewp.live,15,1,"banca | santander | Login | free_hosting;marca_en_path;spanish_token | score=15, signals=spanish_brand:santander;spanish_brand:ing;spanish_token:particulares;brand_and_s | confianza=90 (ruido=10%)",10,90,Banca,Santander
https://seguridad-gestion-b1032f.ingress-comporellon.ewp.live/bankinter/accounte.php?assure_nfpb=true&_pagelabel=as_login_page&connexioncompte_2actionevt=afficher&lieu.x=fr_8292263&5c3a199c596c759d80b05a7b5cc10434,seguridad-gestion-b1032f.ingress-comporellon.ewp.live,16,1,"banca | bankinter | Login | free_hosting;marca_en_path;spanish_token | score=16, signals=spanish_brand:bankinter;spanish_brand:ing;spanish_token:login;spanish_token:segu | confianza=90 (ruido=10%)",10,90,Banca,Bankinter
https://selricos-baf31d.ingress-baronn.ewp.live/santawithpinsansms/santawithpinsansms/particulares.php,selricos-baf31d.ingress-baronn.ewp.live,16,1,"banca | santander | Login | free_hosting;marca_en_path;spanish_token | score=16, signals=spanish_brand:ing;spanish_token:particulares;spanish_token:sms;spanish_token:pin | confianza=90 (ruido=10%)",10,90,Banca,Santander
https://service-2-a0ec7f.ingress-erytho.ewp.live/santander%20(4)/clients/login.php,service-2-a0ec7f.ingress-erytho.ewp.live,14,1,"banca | santander | Login | free_hosting;marca_en_path;spanish_token | score=14, signals=spanish_brand:santander;spanish_brand:ing;spanish_token:login;brand_and_spanish_ | confianza=90 (ruido=10%)",10,90,Banca,Santander
https://service-3-b3490c.ingress-comporellon.ewp.live/aa/recibir_paquete.php,service-3-b3490c.ingress-comporellon.ewp.live,15,1,"logistica | generico | Smishing paquete | free_hosting;marca_en_path;spanish_token | score=15, signals=spanish_brand:ing;spanish_token:paquete;spanish_token:recibir;brand_and_spanish_ | confianza=90 (ruido=10%)",10,90,Logística,Generico
https://servicioactualizacion-bc4bbe.ingress-baronn.ewp.live/s/actualizacion,servicioactualizacion-bc4bbe.ingress-baronn.ewp.live,12,1,"generico | generico | Login | free_hosting;marca_en_path;spanish_token | score=12, signals=spanish_brand:ing;spanish_token:actualizacion;brand_and_spanish_token_boost;bran | confianza=90 (ruido=10%)",10,90,Genérico,Generico
https://servicio-baea8f.ingress-erytho.ewp.live/bbva/area_cliente/confirmacionmovil.html,servicio-baea8f.ingress-erytho.ewp.live,18,1,"banca | bbva | Confirmación | free_hosting;marca_en_path;spanish_token | score=18, signals=spanish_brand:bbva;spanish_brand:ing;spanish_token:cliente;spanish_token:confirm | confianza=90 (ruido=10%)",10,90,Banca,BBVA
https://servicio-cliente-santdr-b8ca53.ingress-comporellon.ewp.live/santawithpinsansms/codigo_incorrecta.php,servicio-cliente-santdr-b8ca53.ingress-comporellon.ewp.live,17,1,"banca | santander | Verificación | free_hosting;marca_en_path;spanish_token | score=17, signals=spanish_brand:ing;spanish_token:cliente;spanish_token:codigo;spanish_token:sms;s | confianza=90 (ruido=10%)",10,90,Banca,Santander
https://servicio-cliente-st-b9fc89.ingress-baronn.ewp.live/santapage1edite/login.php,servicio-cliente-st-b9fc89.ingress-baronn.ewp.live,13,1,"banca | santander | Login | free_hosting;marca_en_path;spanish_token | score=13, signals=spanish_brand:ing;spanish_token:cliente;spanish_token:login;brand_and_spanish_to | confianza=90 (ruido=10%)",10,90,Banca,Santander
https://serviciodescliente-b74c28.ingress-bonde.ewp.live/cliente_0049404340/es/clients/app.php?verification,serviciodescliente-b74c28.ingress-bonde.ewp.live,12,1,"generico | generico | Verificación | free_hosting;marca_en_path;spanish_token | score=12, signals=spanish_brand:ing;spanish_token:cliente;brand_and_spanish_token_boost;brand_in_s | confianza=90 (ruido=10%)",10,90,Genérico,Generico
https://servicioelportal-particulare-bc8925.ingress-daribow.ewp.live/anonos/corios/cliente/es/bienvenido%20a%20correos.es%20-%20el%20portal%20online%20de%20correos.html,servicioelportal-particulare-bc8925.ingress-daribow.ewp.live,20,1,"genreico | generico | Smishing paquete | free_hosting;marca_en_path;spanish_token | score=20, signals=spanish_brand:ing;spanish_brand:correos;spanish_token:cliente;spanish_token:port | confianza=90 (ruido=10%)",10,90,Genérico,Generico
https://sistemaactivada-bb172f.ingress-earth.ewp.live/cuenta/home/particulares.php,sistemaactivada-bb172f.ingress-earth.ewp.live,13,1,"banca | generico | Login | free_hosting;marca_en_path;spanish_token | score=13, signals=spanish_brand:ing;spanish_token:cuenta;spanish_token:particulares;brand_and_span | confianza=90 (ruido=10%)",10,90,Banca,Generico
https://site73-bd0bf7.ingress-erytho.ewp.live/867524/pagomente/recibir_paquete.php,site73-bd0bf7.ingress-erytho.ewp.live,16,1,"logistica | correos | Pago | free_hosting;marca_en_path;spanish_token | score=16, signals=spanish_brand:ing;spanish_token:pago;spanish_token:paquete;spanish_token:recibir | confianza=90 (ruido=10%)",10,90,Logística,Correos
https://sncrly-bbva.xyz/bbva/area_cliente/smsconfirmacionerreur.html,sncrly-bbva.xyz,13,1,"banca | bbva | Confirmación | marca_en_path;spanish_token | score=13, signals=spanish_brand:bbva;spanish_token:cliente;spanish_token:confirmacion;spanish_toke | confianza=90 (ruido=10%)",10,90,Banca,BBVA
https://sntdr-2-bbb7d3.ingress-erytho.ewp.live/sntdr/santander/particulares.php,sntdr-2-bbb7d3.ingress-erytho.ewp.live,15,1,"banca | santander | Login | free_hosting;marca_en_path;spanish_token | score=15, signals=spanish_brand:santander;spanish_brand:ing;spanish_token:particulares;brand_and_s | confianza=90 (ruido=10%)",10,90,Banca,Santander
https://stontayler.es/info/last_correos/recibir_paquete.php,stontayler.es,12,1,"logistica | correos | Smishing paquete | marca_en_path;spanish_token | score=12, signals=spanish_brand:correos;spanish_token:paquete;spanish_token:recibir;spanish_marker | confianza=90 (ruido=10%)",10,90,Logística,Correos
https://supanort22-baa4c7.ingress-erytho.ewp.live/aaccesoo/acceso/es/clients/login.php,supanort22-baa4c7.ingress-erytho.ewp.live,13,1,"generico | generico | Login | free_hosting;marca_en_path;spanish_token | score=13, signals=spanish_brand:ing;spanish_token:acceso;spanish_token:login;brand_and_spanish_tok | confianza=90 (ruido=10%)",10,90,Genérico,Generico
https://superta22-bb69d9.ingress-earth.ewp.live/accesoo/acceso/es/clients/cc.php?verification,superta22-bb69d9.ingress-earth.ewp.live,12,1,"generico | generico | Verificación | free_hosting;marca_en_path;spanish_token | score=12, signals=spanish_brand:ing;spanish_token:acceso;brand_and_spanish_token_boost;brand_in_su | confianza=90 (ruido=10%)",10,90,Genérico,Generico
https://supoertas22-bb468f.ingress-bonde.ewp.live/acceso/acceso/es/clients/login.php?verification,supoertas22-bb468f.ingress-bonde.ewp.live,13,1,"generico | generico | Verificación | free_hosting;marca_en_path;spanish_token | score=13, signals=spanish_brand:ing;spanish_token:acceso;spanish_token:login;brand_and_spanish_tok | confianza=90 (ruido=10%)",10,90,Genérico,Generico
https://suponsoo22-ba6aa2.ingress-florina.ewp.live/accesooo/acceso/es/clients/login.php,suponsoo22-ba6aa2.ingress-florina.ewp.live,13,1,"generico | generico | Login | free_hosting;marca_en_path;spanish_token | score=13, signals=spanish_brand:ing;spanish_token:acceso;spanish_token:login;brand_and_spanish_tok | confianza=90 (ruido=10%)",10,90,Genérico,Generico
https://suponsoro22-ba9799.ingress-daribow.ewp.live/acceesoo/acceso/es/clients/login.php,suponsoro22-ba9799.ingress-daribow.ewp.live,13,1,"generico | generico | Login | free_hosting;marca_en_path;spanish_token | score=13, signals=spanish_brand:ing;spanish_token:acceso;spanish_token:login;brand_and_spanish_tok | confianza=90 (ruido=10%)",10,90,Genérico,Generico
https://suportas22-bb468f.ingress-erytho.ewp.live/acceso/acceso/es/clients/cc.php?verification,suportas22-bb468f.ingress-erytho.ewp.live,12,1,"generico | generico | Verificación | free_hosting;marca_en_path;spanish_token | score=12, signals=spanish_brand:ing;spanish_token:acceso;brand_and_spanish_token_boost;brand_in_su | confianza=90 (ruido=10%)",10,90,Genérico,Generico
https://suppoert-ba6dbd.ingress-earth.ewp.live/gruposantander/home/particulares.php,suppoert-ba6dbd.ingress-earth.ewp.live,15,1,"banca | santander | Login | free_hosting;marca_en_path;spanish_token | score=15, signals=spanish_brand:santander;spanish_brand:ing;spanish_token:particulares;brand_and_s | confianza=90 (ruido=10%)",10,90,Banca,Santander
https://support-services.tempurl.host/es/correos/recibir_paquete.php,support-services.tempurl.host,15,1,"logistica | correos | Smishing paquete | marca_en_path;spanish_token | score=15, signals=spanish_brand:correos;spanish_token:paquete;spanish_token:recibir;spanish_hostin | confianza=90 (ruido=10%)",10,90,Logística,Correos
https://track2022-bf075e.ingress-daribow.ewp.live/12/recibir_paquete.php,track2022-bf075e.ingress-daribow.ewp.live,15,1,"logistica | generico | Smishing paquete | free_hosting;marca_en_path;spanish_token | score=15, signals=spanish_brand:ing;spanish_token:paquete;spanish_token:recibir;brand_and_spanish_ | confianza=90 (ruido=10%)",10,90,Logística,Generico
https://trust-b2014d.ingress-bonde.ewp.live/go/caixa/home/tarjeta.html,trust-b2014d.ingress-bonde.ewp.live,12,1,"banca | caixabank | Login | free_hosting;marca_en_path;spanish_token | score=12, signals=spanish_brand:ing;spanish_token:tarjeta;brand_and_spanish_token_boost;brand_in_s | confianza=90 (ruido=10%)",10,90,Banca,CaixaBank
https://tusucursaldinamicaenlinea360nueva.com/verificacion/estado/ingreso/proceso/estimado/sucarsal/pasword.php,tusucursaldinamicaenlinea360nueva.com,12,1,"banca | generico | Verificación | marca_en_path;spanish_token | score=12, signals=spanish_brand:ing;spanish_token:verificacion;spanish_token:verificacion;brand_an | confianza=90 (ruido=10%)",10,90,Banca,Generico
https://web-1.builderallwppro.com/necorreoss/recibir_paquete.php,web-1.builderallwppro.com,12,1,"logistica | correos | Smishing paquete | marca_en_path;spanish_token | score=12, signals=spanish_brand:correos;spanish_token:paquete;spanish_token:recibir;brand_and_span | confianza=90 (ruido=10%)",10,90,Logística,Correos
https://web-5.builderallwppro.com/necorreos/vv/cors/pagomente/recibir_paquete.php,web-5.builderallwppro.com,13,1,"logistica | correos | Pago | marca_en_path;spanish_token | score=13, signals=spanish_brand:correos;spanish_token:pago;spanish_token:paquete;spanish_token:rec | confianza=90 (ruido=10%)",10,90,Logística,Correos
https://wififpt.com.vn/es/bankia.es/es/acceso-clientes/acceso-clientes/es/loading.php?link=info,wififpt.com.vn,13,1,"banca | bankia | Login | marca_en_path;spanish_token | score=13, signals=spanish_brand:ing;spanish_token:cliente;spanish_token:clientes;spanish_token:acc | confianza=90 (ruido=10%)",10,90,Banca,Bankia
https://wizinkprivada-particulares45es-b63789.ingress-daribow.ewp.live/es/santagrupo/particulares/8ce50226ecaca4efef28d7f1b6b45ecd,wizinkprivada-particulares45es-b63789.ingress-daribow.ewp.live,12,1,"banca | santander | Login | free_hosting;marca_en_path;spanish_token | score=12, signals=spanish_brand:ing;spanish_token:particulares;brand_and_spanish_token_boost;brand | confianza=90 (ruido=10%)",10,90,Banca,Santander
https://wordpress-893197-3098519.cloudwaysapps.com/wwww.correos.es/particulares/es/recibir_paquete.php,wordpress-893197-3098519.cloudwaysapps.com,17,1,"logistica | correos | Smishing paquete | marca_en_path;spanish_token | score=17, signals=spanish_brand:correos;spanish_token:paquete;spanish_token:particulares;spanish_t | confianza=90 (ruido=10%)",10,90,Logística,Correos
https://wordpress-916397-3181167.cloudwaysapps.com/bbva.es/bbva.es/cuenta/area_cliente,wordpress-916397-3181167.cloudwaysapps.com,14,1,"banca | bbva | Login | marca_en_path;spanish_token | score=14, signals=spanish_brand:bbva;spanish_token:cliente;spanish_token:cuenta;spanish_marker:.es | confianza=90 (ruido=10%)",10,90,Banca,BBVA
https://www.43-245-61-213.cprapid.com/ingreso-datos,www.43-245-61-213.cprapid.com,12,1,"generico | generico | Login | marca_en_path;spanish_token | score=12, signals=spanish_brand:ing;spanish_token:datos;spanish_hosting:cprapid.com;brand_and_span | confianza=90 (ruido=10%)",10,90,Genérico,Generico
https://www.jefedecompraspodcast.com/ing/id.php?id=$ip,www.jefedecompraspodcast.com,12,1,"banca | ing | Login | marca_en_path;spanish_token | score=12, signals=spanish_brand:ing;spanish_token:compra;spanish_token:compras;brand_and_spanish_t | confianza=90 (ruido=10%)",10,90,Banca,ING
https://www.mobile.kinman.com/.well-known/acme-challenge/xb3rlin-finalcorreos/pagomente/pagomente/recibir_paquete.php,www.mobile.kinman.com,13,1,"logistica | correos | Pago | marca_en_path;spanish_token | score=13, signals=spanish_brand:correos;spanish_token:pago;spanish_token:paquete;spanish_token:rec | confianza=90 (ruido=10%)",10,90,Logística,Correos
https://www.redwood-consulting.com/particulares/correos.es-es/detalle.php,www.redwood-consulting.com,14,1,"logistica | correos | Smishing paquete | marca_en_path;spanish_token | score=14, signals=spanish_brand:ing;spanish_brand:correos;spanish_token:particulares;spanish_marke | confianza=90 (ruido=10%)",10,90,Logística,Correos
https://www.thinhcuongauto.com/particular/correos/recibir_paquete.php,www.thinhcuongauto.com,12,1,"logistica | correos | Smishing paquete | marca_en_path;spanish_token | score=12, signals=spanish_brand:correos;spanish_token:paquete;spanish_token:recibir;brand_and_span | confianza=90 (ruido=10%)",10,90,Logística,Correos
https://www.webspaceguy.com/knjh68515/caixabank.es3/a/-cuenta/index.html?info_selecteur_web.html?loginaccess=op=c&url&request_locale=fr_fr&lpolbreseterrorcounter=20&c55ad10873e7ca17e58cda24c3bf2b0d,www.webspaceguy.com,14,1,"banca | caixabank | Login | marca_en_path;spanish_token | score=14, signals=spanish_brand:caixabank;spanish_token:login;spanish_token:cuenta;spanish_marker: | confianza=90 (ruido=10%)",10,90,Banca,CaixaBank
https://zhn8-d5zz.accessdomain.com/~adm1ntg/correos-express/es/recibir_paquete.php,zhn8-d5zz.accessdomain.com,12,1,"logistica | correos | Smishing paquete | marca_en_path;spanish_token | score=12, signals=spanish_brand:correos;spanish_token:paquete;spanish_token:recibir;brand_and_span | confianza=90 (ruido=10%)",10,90,Logística,Correos
https://zsdjfjza-b1246e.ingress-florina.ewp.live/correos/cuenta/clients/cc.php?verification,zsdjfjza-b1246e.ingress-florina.ewp.live,15,1,"logistica | correos | Verificación | free_hosting;marca_en_path;spanish_token | score=15, signals=spanish_brand:ing;spanish_brand:correos;spanish_token:cuenta;brand_and_spanish_t | confianza=90 (ruido=10%)",10,90,Logística,Correos
http://tyurin.pro/es-login/banco-santander/particulares/es985fmlpy9f-nrwa9u8pojyd-aq&ved=0ahukewjx2izwguz6ahu1gp0hhsdoae8q4dudca8&uact/home/espera.php,tyurin.pro,12,1,"banca | santander | Login | marca_en_path;spanish_token | score=12, signals=spanish_brand:santander;spanish_token:login;spanish_token:banco;spanish_token:pa | confianza=90 (ruido=10%)",10,90,Banca,Santander
http://webseguridadcuenta-9e626b.ingress-bonde.easywp.com/cuenta/eses/auth/access/clients/sms.php?error=1&verification=,webseguridadcuenta-9e626b.ingress-bonde.easywp.com,13,1,"generico | generico | Verificación | free_hosting;marca_en_path;spanish_token | score=13, signals=spanish_brand:ing;spanish_token:seguridad;spanish_token:cuenta;spanish_token:sms | confianza=90 (ruido=10%)",10,90,Genérico,Generico
http://wingerdgastehuis.co.za/Bienvenido%20a%20Correos.es%20-%20El%20Portal%20Online%20de%20Correos.html,wingerdgastehuis.co.za,13,1,"logistica | correos | Smishing paquete | marca_en_path;spanish_token | score=13, signals=spanish_brand:ing;spanish_brand:correos;spanish_token:portal;spanish_marker:.es; | confianza=90 (ruido=10%)",10,90,Logística,Correos
http://www.paqueteseur.info/Correos/Seleccione_medio_de_pago_codigo.php,www.paqueteseur.info,16,1,"logistica | seur | Pago | marca_en_path;spanish_token | score=16, signals=spanish_brand:correos;spanish_brand:seur;spanish_token:pago;spanish_token:paquet | confianza=90 (ruido=10%)",10,90,Logística,Seur